date,open,high,low,close,volume
20151001,10182,10182,10116,10116,31942
20151002,10153,10177,10153,10163,63848
20151005,10276,10285,10229,10247,43583
20151006,10266,10294,10191,10191,42813
20151007,10116,10116,9965,9965,21536
20151008,10022,10041,9806,9871,42617
20151012,9871,9871,9843,9848,42620
20151013,9890,9890,9796,9796,21300
20151014,9791,9824,9749,9749,23549
20151015,9801,9829,9735,9829,259008
20151016,9928,9998,9923,9975,320956
20151019,10003,10008,9956,9965,312510
20151020,9998,10106,9956,10106,303900
20151021,10121,10130,9998,10022,324620
20151022,9965,9970,9838,9857,272233
20151023,9928,9961,9895,9961,249790
20151026,10008,10106,9989,10106,270304
20151027,10139,10158,10017,10017,265647
20151028,10059,10210,10003,10205,255024
20151029,10233,10243,10139,10163,264883
20151030,10172,10172,10003,10008,246711
20151102,10045,10069,9975,9975,241391
20151103,10059,10102,9965,10045,236808
20151104,10064,10092,10012,10092,236703
20151105,10135,10247,10135,10247,312637
20151106,10341,10351,10266,10294,209472
20151109,10337,10337,9970,9989,332295
20151110,9886,9956,9646,9740,391415
20151111,9707,9933,9702,9933,339723
20151112,9970,10088,9970,10041,356569
20151113,9951,10036,9890,10017,392057
20151116,9815,9970,9815,9886,343771
20151117,10045,10069,9998,10059,325946
20151118,10135,10163,10083,10106,336026
20151119,10172,10266,10135,10219,325392
20151120,10243,10280,10215,10280,2385
20151123,10304,10374,10276,10294,421566
20151124,10323,10356,10280,10313,408115
20151125,10341,10360,10280,10309,376888
20151126,10379,10417,10313,10407,401707
20151127,10398,10454,10351,10356,475927
20151130,10412,10412,10252,10323,350694
20151201,10351,10417,10304,10398,368540
20151202,10487,10511,10384,10384,429836
20151203,10389,10436,10309,10436,341085
20151204,10299,10356,10294,10337,371293
20151207,10417,10426,10229,10229,327262
20151208,10186,10238,9965,10017,433249
20151209,9984,9989,9947,9951,323103
20151210,9923,9965,9749,9838,444257
20151211,9857,9862,9646,9683,336265
20151214,9505,9505,9326,9331,370231
20151215,9420,9524,9383,9524,345872
20151216,9613,9669,9589,9608,394911
20151217,9683,9740,9575,9740,432305
20151218,9688,9956,9627,9956,734600
20151221,9900,9980,9895,9937,789841
20151222,9933,9933,9810,9867,523021
20151223,9904,9904,9801,9806,531523
20151224,9791,9806,9683,9683,469272
20151228,9679,9834,9641,9834,437128
20151229,9773,10168,9773,10168,522648
20151230,10219,10356,10177,10356,420684
20160104,10379,10464,10163,10285,658956
20160105,10130,10389,10083,10389,938366
20160106,10403,10483,10257,10483,580422
20160107,10417,10530,10262,10365,907490
20160108,10153,10454,10106,10389,3901092
20160111,10384,10530,10266,10304,387664
20160112,10332,10407,10238,10252,391432
20160113,10365,10483,10313,10473,2508368
20160114,10341,10468,10266,10459,558933
20160115,10609,10609,10313,10370,540254
20160118,10299,10548,10285,10548,503529
20160119,10572,10614,10464,10581,454742
20160120,10605,10675,10341,10487,361034
20160121,10483,10539,10327,10426,379468
20160122,10511,10553,10323,10459,343465
20160125,10562,10652,10530,10628,564345
20160126,10586,10666,10586,10638,382612
20160127,10694,10694,10445,10487,416343
20160128,10478,10591,10421,10562,378917
20160129,10600,10605,10468,10605,442566
20160201,10694,10722,10624,10718,301165
20160202,10732,10741,10680,10713,467090
20160203,10652,10699,10595,10694,473659
20160204,10699,10732,10605,10642,755353
20160205,10642,10642,10548,10591,404473
20160211,10403,10407,10022,10031,565549
20160212,9909,9933,9119,9260,631606
20160215,9392,9495,9270,9415,1078598
20160216,9519,9707,9505,9636,579963
20160217,9660,9721,9368,9368,755208
20160218,9561,9646,9533,9636,534672
20160219,9646,9744,9603,9740,482932
20160222,9754,9876,9754,9857,435644
20160223,9937,9937,9655,9721,720910
20160224,9674,9754,9636,9688,663895
20160225,9768,9768,9674,9730,705256
20160226,9810,9810,9697,9759,388062
20160229,9759,9815,9702,9815,670439
20160302,9900,10012,9900,9998,782882
20160303,10055,10200,9980,10200,444827
20160304,10229,10238,10106,10229,467892
20160307,10243,10285,10055,10111,465534
20160308,10210,10238,10017,10125,423979
20160309,10116,10238,10074,10238,475714
20160310,10243,10276,10186,10247,568061
20160311,10294,10332,10210,10224,529761
20160314,10280,10327,10215,10252,424467
20160315,10215,10299,10172,10172,478993
20160316,10172,10215,10158,10177,454660
20160317,10276,10323,10200,10219,433745
20160318,10285,10294,10205,10294,735813
20160321,10374,10379,10172,10229,744390
20160322,10233,10271,10135,10215,656776
20160323,10229,10294,10168,10191,438417
20160324,10191,10215,10069,10078,555600
20160325,10069,10153,10045,10059,539385
20160328,10097,10097,9918,9918,433257
20160329,9928,10078,9928,10059,358536
20160330,10135,10135,10064,10064,425068
20160331,10078,10149,10031,10106,443773
20160401,10088,10210,10088,10210,430908
20160404,10205,10313,10205,10313,436737
20160405,10313,10341,10205,10252,448005
20160406,10318,10323,10149,10196,538018
20160407,10233,10276,10210,10276,525824
20160408,10276,10304,10196,10196,445609
20160411,10233,10285,10116,10125,493242
20160412,10125,10168,10055,10078,419178
20160414,10177,10205,10017,10069,572940
20160415,10074,10125,10031,10059,574484
20160418,10036,10121,9994,10050,580362
20160419,10135,10144,10050,10139,692537
20160420,10210,10210,10106,10153,460988
20160421,10153,10163,10074,10111,453980
20160422,10144,10144,10092,10106,427115
20160425,10149,10158,10097,10139,452151
20160426,10158,10186,10092,10111,426541
20160427,10168,10168,10055,10064,350046
20160428,10083,10102,10003,10008,387515
20160429,10003,10022,9923,10022,408734
20160502,10017,10022,9842,9842,394383
20160503,9842,9974,9842,9974,444135
20160504,9984,9984,9899,9899,409171
20160509,9946,9970,9847,9904,287235
20160510,9904,9989,9904,9989,278333
20160511,10041,10074,10017,10069,344582
20160512,10055,10088,9998,10088,302397
20160513,10092,10097,10017,10074,280169
20160516,10074,10078,10012,10026,369924
20160517,10026,10050,9871,9899,683837
20160518,9866,9890,9724,9724,441180
20160519,9724,9757,9573,9663,652183
20160520,9644,9776,9611,9776,463937
20160523,9800,9871,9786,9819,581477
20160524,9842,9875,9786,9809,472263
20160525,9885,9908,9814,9861,329615
20160526,9908,9932,9795,9800,327609
20160527,9800,9838,9795,9823,439533
20160530,9885,9951,9823,9941,798736
20160531,9946,10026,9904,10026,358397
20160601,10064,10078,9993,10008,426547
20160602,10031,10078,9974,10026,418596
20160603,10026,10026,9956,9979,416042
20160607,9998,10088,9989,10050,397993
20160608,10059,10116,10003,10116,270200
20160609,10144,10206,9984,10092,283108
20160610,10092,10121,10045,10102,280405
20160613,10012,10012,9904,9918,283050
20160614,9908,9974,9823,9890,270524
20160615,9885,9965,9819,9946,360129
20160616,9974,9984,9715,9748,383860
20160617,9772,9833,9663,9715,362151
20160620,9772,9833,9715,9823,369487
20160621,9871,9871,9772,9828,407385
20160622,9857,9875,9790,9805,414883
20160623,9800,9800,9602,9691,553671
20160624,9838,9838,9059,9290,508431
20160627,8988,9366,8988,9304,447394
20160628,9182,9437,9168,9408,477647
20160629,9488,9588,9488,9545,435510
20160630,9545,9739,9545,9739,352343
20160701,9739,9885,9682,9819,1302998
20160704,9814,9890,9814,9861,292965
20160705,9908,9979,9842,9965,376126
20160706,9899,9913,9757,9823,545048
20160707,9866,9956,9866,9956,459337
20160708,9993,10003,9852,9875,431988
20160711,9904,9960,9885,9960,326465
20160712,9960,10003,9908,9932,265924
20160713,9979,10017,9941,9941,393357
20160714,9965,9984,9880,9937,378871
20160715,9979,10003,9871,9885,349983
20160718,9894,9932,9828,9871,272627
20160719,9894,9923,9875,9890,410324
20160720,9946,9960,9913,9946,382431
20160721,9984,10022,9984,10008,441355
20160722,10017,10036,9979,10008,324644
20160725,10050,10050,9951,9951,410090
20160726,9956,9974,9880,9974,546468
20160727,9998,9998,9847,9885,403901
20160728,9885,9923,9800,9899,653280
20160729,9899,9960,9880,9956,378187
20160801,9956,9970,9847,9866,417830
20160802,9814,9842,9757,9814,539875
20160803,9795,9795,9677,9772,533886
20160804,9805,9852,9762,9809,533697
20160805,9847,9847,9639,9701,451136
20160808,9701,9734,9658,9734,453948
20160809,9772,9890,9757,9828,612688
20160810,9866,10003,9866,9974,426457
20160811,9998,10026,9880,9923,713252
20160812,9927,9965,9890,9904,432369
20160816,9937,9970,9875,9875,416204
20160817,9866,9880,9677,9814,510440
20160818,9852,9861,9790,9861,397352
20160819,9861,9894,9819,9842,472787
20160822,9861,9871,9691,9715,409626
20160823,9687,9800,9672,9701,506313
20160824,9729,9743,9672,9715,449592
20160825,9729,9729,9639,9658,872710
20160826,9644,9644,9555,9602,374591
20160829,9588,9588,9352,9399,369840
20160830,9413,9474,9389,9427,470106
20160831,9422,9437,9276,9394,538134
20160901,9394,9531,9347,9531,444829
20160902,9555,9597,9493,9592,564590
20160905,9597,9649,9597,9621,509700
20160906,9611,9649,9540,9555,558095
20160907,9611,9635,9470,9498,429765
20160908,9550,9573,9418,9540,504223
20160909,9522,9522,9404,9451,533429
20160912,9290,9380,9253,9271,421714
20160913,9342,9380,9290,9342,721267
20160919,9356,9408,9319,9408,626640
20160920,9366,9531,9361,9522,405531
20160921,9531,9569,9484,9536,532375
20160922,9606,9672,9583,9621,530165
20160923,9639,9701,9606,9668,553404
20160926,9663,9720,9630,9630,350232
20160927,9616,9701,9578,9691,398615
20160928,9668,9696,9592,9592,315107
20160929,9621,9663,9611,9658,272472
20160930,9616,9630,9484,9517,277151
20161004,9493,9583,9474,9517,622884
20161005,9526,9559,9493,9493,391658
20161006,9536,9559,9484,9503,339497
20161007,9498,9512,9304,9347,455982
20161010,9342,9366,9286,9361,394318
20161011,9352,9380,9238,9271,358573
20161012,9248,9290,9215,9276,526947
20161013,9267,9295,9172,9172,774653
20161014,9186,9229,9149,9168,688156
20161017,9210,9210,9087,9120,794519
20161018,9135,9201,9125,9191,954300
20161019,9210,9248,9191,9215,373768
20161020,9234,9238,9139,9149,398135
20161021,9149,9168,9069,9092,533168
20161024,9097,9111,9002,9012,831184
20161025,9007,9026,8851,8932,851634
20161026,8889,8965,8823,8960,1560161
20161027,8946,9163,8927,9163,1695014
20161028,9153,9153,8974,9021,931696
20161031,8988,8988,8828,8861,1222215
20161101,8804,8969,8795,8894,2518238
20161102,8837,8856,8682,8691,1742600
20161103,8630,8790,8625,8734,3631649
20161104,8705,8757,8644,8705,1535575
20161107,8748,8875,8748,8875,1262234
20161108,8899,8908,8851,8880,968447
20161109,8903,8918,8351,8559,1122030
20161110,8719,8927,8719,8927,6387036
20161111,8847,8913,8823,8851,465278
20161114,8847,8851,8790,8790,1168411
20161115,8771,8804,8686,8700,754638
20161116,8734,8847,8734,8837,1014717
20161117,8828,8856,8776,8833,681911
20161118,8823,8823,8705,8705,804684
20161121,8682,8682,8512,8540,1102458
20161122,8549,8620,8535,8601,1532070
20161123,8568,8597,8446,8488,1627990
20161124,8488,8526,8342,8408,2477790
20161125,8375,8460,8375,8460,2507600
20161128,8479,8483,8380,8380,845200
20161129,8318,8413,8318,8384,872207
20161130,8394,8417,8365,8417,1297288
20161201,8403,8408,8323,8370,1474353
20161202,8361,8365,8210,8210,1599987
20161205,8200,8200,8101,8106,1324001
20161206,8120,8186,8115,8139,2458527
20161207,8163,8229,7983,8134,1552176
20161208,8181,8266,8120,8163,1801338
20161209,8172,8342,8153,8337,860993
20161212,8384,8498,8361,8493,1806433
20161213,8483,8592,8446,8587,1350813
20161214,8653,8653,8559,8601,1323876
20161215,8545,8672,8531,8672,1052586
20161216,8686,8724,8611,8682,1863007
20161219,8729,8729,8658,8691,1554717
20161220,8710,8710,8564,8564,1103946
20161221,8587,8606,8521,8549,1415476
20161222,8545,8573,8498,8502,1009683
20161223,8488,8597,8474,8597,1348960
20161226,8597,8616,8559,8564,611819
20161227,8535,8616,8535,8616,861964
20161228,8715,8833,8672,8790,2129533
20161229,8809,8885,8757,8842,2263293
20170102,8842,8880,8785,8851,1759795
20170103,8847,8870,8809,8847,1238405
20170104,8880,8946,8847,8918,1495650
20170105,8955,9002,8927,8941,1380213
20170106,8960,8988,8903,8979,1298979
20170109,8993,9012,8932,8946,1294608
20170110,8936,8936,8776,8818,1698361
20170111,8842,8894,8814,8847,1104215
20170112,8847,8847,8752,8752,1335406
20170113,8776,8880,8762,8828,1265031
20170116,8870,8870,8743,8752,1143893
20170117,8762,8804,8672,8691,1067178
20170118,8700,8748,8653,8715,1189670
20170119,8752,8790,8705,8705,721052
20170120,8705,8752,8667,8686,1007076
20170123,8686,8715,8601,8620,374778
20170124,8611,8639,8564,8564,926759
20170125,8587,8611,8502,8535,529035
20170126,8545,8606,8498,8606,834000
20170131,8597,8644,8573,8592,1299700
20170201,8616,8705,8587,8705,768236
20170202,8705,8743,8592,8597,1745405
20170203,8616,8667,8545,8578,872058
20170206,8601,8639,8559,8639,696068
20170207,8620,8658,8578,8606,1028764
20170208,8606,8620,8545,8606,485065
20170209,8611,8630,8568,8606,935225
20170210,8634,8672,8606,8639,951292
20170213,8663,8663,8616,8663,708037
20170214,8682,8686,8606,8630,495885
20170215,8644,8734,8620,8734,654104
20170216,8752,8757,8700,8734,1596713
20170217,8696,8776,8686,8752,670438
20170220,8743,8781,8738,8767,534349
20170221,8771,8814,8767,8795,760788
20170222,8823,8837,8785,8804,1356800
20170223,8785,8828,8734,8738,907764
20170224,8776,8785,8734,8748,1139906
20170227,8743,8767,8696,8719,1198541
20170228,8719,8748,8672,8696,915359
20170302,8729,8729,8634,8653,739023
20170303,8620,8644,8521,8573,1673681
20170306,8521,8601,8498,8592,2181843
20170307,8545,8620,8545,8597,755162
20170308,8625,8634,8587,8597,1180596
20170309,8611,8658,8583,8597,1812278
20170310,8611,8734,8526,8705,2097336
20170313,8700,8710,8672,8705,1154254
20170314,8724,8724,8639,8644,586119
20170315,8649,8658,8512,8512,1566830
20170316,8531,8597,8531,8597,834413
20170317,8616,8616,8554,8568,265382
20170320,8549,8568,8465,8521,861539
20170321,8531,8568,8516,8535,1382575
20170322,8526,8578,8512,8535,537976
20170323,8568,8568,8488,8516,412133
20170324,8526,8564,8507,8564,706773
20170327,8583,8616,8559,8587,1094783
20170328,8587,8653,8587,8653,939098
20170329,8682,8686,8625,8686,896920
20170330,8686,8691,8653,8663,316154
20170331,8672,8762,8672,8748,711918
20170403,8771,8913,8748,8908,1533846
20170404,8932,8951,8866,8880,2460343
20170405,8908,8951,8870,8913,2602579
20170406,8913,8984,8851,8984,2322878
20170407,9012,9012,8946,8988,623189
20170410,8998,9007,8781,8785,742290
20170411,8814,8894,8748,8842,1210075
20170412,8837,8885,8809,8851,625577
20170413,8837,8899,8837,8889,395607
20170414,8870,8903,8814,8823,476342
20170417,8851,8969,8828,8969,832337
20170418,9017,9035,8965,9017,1568093
20170419,9031,9059,9002,9045,1847378
20170420,9050,9087,9035,9064,1437426
20170421,9092,9106,9017,9059,970320
20170424,9059,9059,8913,8922,1483691
20170425,8979,9002,8951,9002,1525166
20170426,9040,9059,9017,9035,893952
20170427,9064,9069,8969,8978,1190880
20170428,9007,9040,8921,8964,462196
20170502,8959,9002,8940,8964,222842
20170504,8969,9102,8969,9097,709475
20170508,9131,9302,9131,9298,1185695
20170510,9350,9355,9231,9259,922803
20170511,9264,9345,9250,9341,501207
20170512,9355,9388,9255,9293,237313
20170515,9255,9341,9245,9293,793856
20170516,9345,9345,9202,9226,1017030
20170517,9250,9259,9202,9217,804886
20170518,9140,9198,9102,9169,1863702
20170519,9193,9255,9183,9202,1224617
20170522,9279,9279,9198,9240,93017
20170523,9264,9283,9217,9283,269919
20170524,9283,9331,9255,9312,753617
20170525,9336,9364,9279,9288,455993
20170526,9288,9336,9274,9312,916690
20170529,9317,9336,9255,9269,590019
20170530,9293,9345,9255,9321,1057687
20170531,9374,9417,9341,9388,1731854
20170601,9417,9441,9369,9436,994707
20170602,9483,9526,9455,9512,1206979
20170605,9531,9603,9522,9603,1124679
20170607,9626,9712,9588,9712,850556
20170608,9755,9822,9722,9822,875214
20170609,9827,9855,9774,9855,1061438
20170612,9793,9793,9593,9626,2050052
20170613,9626,9741,9626,9741,1496041
20170614,9817,9846,9731,9760,1108772
20170615,9788,9793,9655,9750,388449
20170616,9731,9769,9684,9765,451421
20170619,9765,9879,9765,9870,203028
20170620,9922,9951,9836,9846,1276757
20170621,9808,9817,9731,9750,594868
20170622,9793,9817,9693,9703,384794
20170623,9727,9817,9727,9798,469436
20170626,9836,9841,9765,9817,615344
20170627,9874,9912,9831,9865,826349
20170628,9817,9860,9750,9765,1865188
20170629,9808,9850,9760,9788,259703
20170630,9736,9846,9736,9812,316372
20170703,9769,9827,9674,9731,832569
20170704,9741,9755,9626,9674,449505
20170705,9674,9717,9650,9712,540853
20170706,9736,9779,9736,9755,532563
20170707,9760,9798,9746,9788,704384
20170710,9798,9798,9679,9703,135797
20170711,9722,9722,9626,9655,89078
20170712,9655,9669,9517,9536,684191
20170713,9574,9607,9526,9574,1210437
20170714,9574,9612,9517,9579,1752392
20170717,9631,9703,9631,9688,287652
20170718,9712,9750,9703,9741,108340
20170719,9779,9874,9765,9865,608008
20170720,9903,10008,9870,9941,991505
20170721,10003,10003,9884,9903,789851
20170724,9965,9984,9898,9927,436755
20170725,10022,10022,9779,9788,594169
20170726,9798,9846,9750,9846,498131
20170727,9841,9893,9817,9855,309714
20170728,9822,9822,9636,9684,152291
20170731,9607,9703,9526,9641,1782728
20170801,9641,9684,9579,9622,1112979
20170802,9655,9693,9636,9665,787344
20170803,9712,9712,9436,9460,205667
20170804,9445,9507,9345,9393,1717635
20170807,9445,9584,9417,9560,928199
20170808,9531,9612,9503,9574,856964
20170809,9550,9569,9483,9483,831247
20170810,9479,9560,9407,9503,898747
20170811,9307,9464,9274,9274,1537838
20170814,9307,9388,9298,9345,2197632
20170816,9445,9479,9407,9479,481191
20170817,9512,9617,9479,9617,745587
20170818,9474,9636,9474,9603,1289403
20170821,9665,9665,9550,9550,585097
20170822,9579,9646,9579,9636,813194
20170823,9693,9703,9603,9622,1053001
20170824,9646,9674,9617,9669,427409
20170825,9684,9712,9669,9688,1169496
20170828,9712,9798,9707,9769,1137128
20170829,9765,9808,9688,9803,1900258
20170830,9836,9865,9769,9769,2645545
20170831,9822,9855,9798,9855,2364961
20170901,9927,9951,9870,9931,1198850
20170904,9655,9850,9655,9769,1518200
20170905,9860,9865,9722,9779,745615
20170906,9779,9855,9755,9855,766542
20170907,9855,9965,9855,9931,2689549
20170908,9931,9984,9884,9898,2969196
20170911,9941,10003,9931,9965,1163176
20170912,10017,10036,9970,9993,1542985
20170913,10012,10041,9965,9984,1047113
20170914,10046,10132,9998,10041,1538260
20170915,10074,10322,10036,10298,1997956
20170918,10360,10475,10360,10413,2064489
20170919,10437,10460,10337,10441,1752614
20170920,10484,10551,10375,10375,1644166
20170921,10432,10456,10236,10318,1981508
20170922,10313,10322,10136,10179,1425379
20170925,10155,10294,10117,10203,1267451
20170926,10189,10275,10141,10217,920823
20170927,10217,10332,10217,10298,1529312
20170928,10365,10384,10241,10241,1011073
20170929,10265,10303,10217,10298,1209639
20171010,10346,10408,10341,10403,646900
20171011,10403,10484,10394,10422,1209240
20171012,10475,10556,10456,10527,1792801
20171013,10613,10842,10551,10608,2706258
20171016,10699,10799,10532,10689,1716077
20171017,10642,11032,10642,10999,1954563
20171018,11085,11242,10980,10994,2017027
20171019,11066,11109,10894,10928,1779123
20171020,10913,11099,10875,11099,2177580
20171023,11104,11171,11071,11152,1581639
20171024,11075,11395,11075,11395,1661436
20171025,11380,11428,11309,11390,3298490
20171026,11342,11399,11166,11171,2546014
20171027,11171,11390,11171,11385,3514167
20171030,11385,11437,11342,11414,2679703
20171031,11409,11471,11376,11471,1633538
20171101,11518,11523,11452,11476,646908
20171102,11476,11561,11380,11490,696366
20171103,11509,11661,11509,11661,828764
20171106,11657,11742,11604,11742,1230290
20171107,11742,11747,11538,11600,1991379
20171108,11633,11833,11619,11828,4764146
20171109,11843,11885,11700,11785,2506823
20171110,11771,12019,11771,12019,1535228
20171113,12038,12510,12038,12500,4108747
20171114,12591,12986,12534,12982,5837565
20171115,13048,13463,12929,13329,13293326
20171116,13472,13582,13034,13582,8663166
20171117,13430,13506,13277,13349,3032563
20171120,13310,13673,13310,13673,3082208
20171121,13720,13892,13577,13711,3306828
20171122,13787,13825,13368,13453,3921693
20171123,13253,13782,13101,13782,8794901
20171124,13720,13835,13472,13472,3228424
20171127,13391,13615,13268,13463,2962044
20171128,13506,13563,12948,12948,3010338
20171129,13005,13182,12886,13139,3222000
20171130,13101,13163,12891,12939,4627377
20171201,13077,13363,13063,13344,2584388
20171204,13325,13353,13110,13182,2313656
20171205,13177,13191,12872,12872,3689692
20171206,12924,13086,12629,12715,3213678
20171207,12777,12800,12295,12462,3739101
20171208,12486,12586,12310,12333,2873212
20171211,12357,12772,12343,12772,1791054
20171212,12810,12858,12505,12648,1697245
20171213,12667,12929,12653,12781,3554742
20171214,12905,12929,12567,12872,3631738
20171215,12686,12824,12562,12691,1809342
20171218,12700,12791,12581,12581,1672206
20171219,12600,12600,12262,12581,3744751
20171220,12448,12576,12372,12381,5233166
20171221,12295,12457,12157,12157,4737980
20171222,12205,12677,12129,12677,9751857
20171226,12686,13082,12677,12753,6332326
20171227,13153,13472,12996,13444,9576952
20171228,13477,13596,13344,13596,7337621
20180102,13615,13849,13577,13797,8325292
20180103,13873,14092,13801,14021,9340120
20180104,14097,14097,13544,13696,9359045
20180105,13725,14173,13725,14173,8996742
20180108,14192,14592,14192,14592,13926033
20180109,14592,14740,14364,14459,11618990
20180110,14492,14659,14164,14478,10561787
20180111,14469,14998,14383,14998,10564436
20180112,15036,16237,15036,15746,14690029
20180115,15832,16246,15503,16246,11157093
20180116,16203,16442,15979,16337,10649321
20180117,16384,16504,15860,15870,11399657
20180118,15898,16151,15836,16089,15451916
20180119,16146,16184,15322,15479,11217761
20180122,15326,15474,15031,15255,11625057
20180123,15384,15884,15384,15884,6645830
20180124,15989,16051,15660,15760,7402030
20180125,15670,15746,15455,15731,6857719
20180126,15693,15979,15579,15951,5132618
20180129,15951,16413,15946,16356,5546704
20180130,16356,16470,16179,16213,7995252
20180131,15932,16175,15846,16032,7867747
20180201,16032,16199,15650,15665,8621262
20180202,15722,15779,15322,15612,10146870
20180205,15212,15365,14812,14812,6644156
20180206,14130,14955,14092,14912,14715739
20180207,15036,15217,14211,14211,8702996
20180208,14278,15126,14078,15012,10473481
20180209,14345,14664,14345,14440,5922494
20180212,14664,14688,14407,14407,7942449
20180213,14578,14626,14030,14030,2908128
20180214,14154,14526,14016,14526,4820278
20180219,14673,15136,14607,15136,4553263
20180220,15107,15107,14678,14759,5525770
20180221,14807,15126,14750,15012,3709489
20180222,14893,14950,14716,14888,2259632
20180223,15012,15059,14917,14983,2396066
20180226,15069,15250,14921,15040,3606446
20180227,15174,15231,15007,15007,4525680
20180228,14850,14917,14588,14693,5208117
20180302,14454,14821,14454,14812,7580696
20180305,14816,14845,14588,14588,4321685
20180306,14735,14897,14702,14869,2998351
20180307,14869,14964,14459,14459,3954003
20180308,14583,14807,14573,14716,5655688
20180309,14740,15026,14740,14902,5049589
20180312,15040,15355,15036,15355,5727516
20180313,15307,15374,15198,15307,4898747
20180314,15217,15341,15169,15326,2687888
20180315,15326,15493,15269,15336,4193482
20180316,15355,15441,15336,15412,2859611
20180319,15298,15412,15117,15117,3038307
20180320,15002,15422,14974,15422,3135112
20180321,15422,15546,15303,15303,4751260
20180322,15365,15469,14921,15002,7192732
20180323,14583,14716,14049,14059,12649010
20180326,14106,14678,14001,14640,15618777
20180327,14740,14769,14592,14612,6289995
20180328,14392,14530,14264,14488,6020886
20180329,14564,14869,14516,14869,5336205
20180330,14869,14936,14812,14864,5113745
20180402,14902,14940,14707,14707,4750381
20180403,14554,14855,14535,14855,2675461
20180404,14907,14940,14616,14693,3888632
20180405,14893,14964,14745,14845,4817851
20180406,14726,14845,14693,14802,3745080
20180409,14831,14983,14816,14983,2978211
20180410,14931,14988,14831,14964,4897604
20180411,15021,15059,14978,15017,3072194
20180412,15031,15059,14812,14812,3275507
20180413,14855,15031,14754,14978,3807178
20180416,14993,15050,14969,14988,2573310
20180417,15017,15021,14912,14969,3342094
20180418,15050,15064,14850,14855,2136349
20180419,14802,14831,14545,14678,5576160
20180420,14597,14745,14483,14640,5879132
20180423,14597,14673,14359,14378,2991109
20180424,14411,14483,14206,14206,7968664
20180425,14097,14306,14001,14149,1889660
20180426,14240,14397,14149,14397,1236538
20180427,14536,14574,14397,14574,2611508
20180430,14574,14579,14230,14277,2930658
20180502,14258,14392,14057,14158,3139988
20180503,14196,14258,14043,14043,2101116
20180504,13995,14086,13670,13670,2137666
20180508,13765,13928,13120,13206,2828300
20180509,13206,13718,12866,13603,6091736
20180510,13612,13698,13445,13636,3089340
20180511,13564,13876,13564,13765,3590984
20180514,13756,13780,13445,13445,2180465
20180515,13579,13689,13478,13627,1961182
20180516,13569,13751,13488,13560,1381170
20180517,13641,13746,13531,13746,1623247
20180518,13751,13952,13718,13923,2180642
20180521,13904,14048,13871,13885,1845347
20180523,13909,13952,13785,13861,2334805
20180524,13895,14091,13895,14076,1925865
20180525,13971,14215,13971,14201,3289085
20180528,14201,14268,14100,14258,4088840
20180529,14263,14373,13861,13919,2179736
20180530,14053,14220,13813,14220,4750054
20180531,14292,14292,14062,14239,2687640
20180601,14191,14354,14191,14273,1459559
20180604,14306,14306,14043,14096,2496268
20180605,14139,14220,13966,14086,1296210
20180607,14105,14292,14076,14292,1427846
20180608,14230,14263,14038,14062,4986635
20180611,14053,14163,14019,14048,1084754
20180612,14053,14254,14009,14091,1184218
20180614,14009,14148,13876,13876,1974842
20180615,13933,13990,13895,13986,4172969
20180618,13938,13995,13292,13507,5761938
20180619,13464,13622,13134,13134,5562070
20180620,13186,13617,13182,13617,5754010
20180621,13569,13612,13301,13306,3186887
20180622,13311,13483,13148,13483,3073699
20180625,13464,13608,13378,13584,1713833
20180626,13416,13588,13273,13512,2258087
20180627,13502,13684,13402,13402,2305274
20180628,13320,13421,13158,13158,2939079
20180629,13263,13397,13057,13311,4289575
20180702,13311,13354,12842,12909,3749298
20180703,13024,13186,12751,13005,4900617
20180704,13014,13153,12928,13048,2496949
20180705,13053,13105,12789,13062,3081553
20180706,13110,13440,12947,13407,2824575
20180709,13392,13536,13301,13421,2338297
20180710,13483,13526,13378,13383,2038295
20180711,13292,13301,13033,13033,1859943
20180712,13086,13335,13067,13282,2842944
20180713,13268,13464,13268,13435,2917994
20180716,13483,13517,13325,13392,2684332
20180717,13392,13407,13191,13191,2596254
20180718,13239,13383,13043,13043,3767236
20180719,13120,13139,12837,12866,4366327
20180720,12875,12923,12646,12732,6277555
20180723,12732,12746,12081,12110,6409212
20180724,12182,12292,12057,12081,8014037
20180725,12119,12148,11660,11756,7341304
20180726,11890,12143,11818,12143,5275796
20180727,12129,12210,12043,12191,2163510
20180730,12139,12163,11914,11995,5288759
20180731,11976,12191,11899,12191,3858125
20180801,12277,12555,12249,12545,3706147
20180802,12497,12497,12230,12301,6266945
20180803,12387,12474,12344,12464,2520192
20180806,12464,12507,12215,12244,3072452
20180807,12282,12392,12153,12364,2790878
20180808,12430,12488,12239,12344,2759419
20180809,12301,12502,12215,12502,3166220
20180810,12474,12550,12316,12445,3628968
20180813,12325,12330,11914,11938,5167658
20180814,12005,12110,11928,12096,5703623
20180816,11856,12105,11741,12048,2866612
20180817,12153,12359,12096,12277,2548710
20180820,12335,12440,12201,12201,3639564
20180821,12249,12703,12239,12646,3574698
20180822,12641,12737,12497,12497,5326914
20180823,12560,12675,12440,12675,3107985
20180824,12641,12871,12541,12837,3175766
20180827,12875,12995,12828,12957,4750049
20180828,13053,13081,12823,12823,3519757
20180829,12842,12938,12799,12928,2926199
20180830,12966,13048,12871,12947,2499738
20180831,12914,13301,12866,13230,4495418
20180903,13230,13287,13120,13220,3733520
20180904,13244,13512,13225,13469,3913188
20180905,13416,13498,13253,13253,4816449
20180906,13230,13306,13105,13158,4680776
20180907,13134,13287,13057,13215,3283257
20180910,13215,13249,13139,13167,3181840
20180911,13172,13311,13163,13277,2234735
20180912,13330,13536,13316,13464,3618057
20180913,13526,13579,13411,13550,3318419
20180914,13612,13751,13531,13698,3837702
20180917,13713,13756,13555,13646,2713627
20180918,13555,13761,13536,13737,1740925
20180919,13727,13751,13598,13670,2722248
20180920,13703,13885,13493,13536,2664605
20180921,13574,13646,13517,13627,2915013
20180927,13627,13785,13598,13751,3100704
20180928,13770,13876,13541,13541,3867397
20181001,13593,13608,13383,13498,3030078
20181002,13474,13512,13005,13005,3060140
20181004,13062,13129,12799,12923,4506691
20181005,12880,13019,12603,12670,4261501
20181008,12660,12895,12507,12507,6036571
20181010,12517,12622,12287,12364,4857273
20181011,11985,12167,11785,11813,11438983
20181012,11828,12301,11828,12301,20960368
20181015,12263,12268,11890,11890,3720121
20181016,12052,12206,11985,12158,3212803
20181017,12354,12387,12081,12253,4313287
20181018,12258,12258,12000,12005,3211466
20181019,11947,12287,11847,12277,4211481
20181022,12163,12387,12100,12373,2157684
20181023,12273,12292,11875,11923,5734325
20181024,12062,12139,11555,11612,6758728
20181025,11320,11588,11210,11507,15502598
20181026,11560,11612,11029,11096,14895379
20181029,11182,11416,10761,10794,12255127
20181030,10737,11052,10603,11038,17178804
20181031,11062,11062,10775,10799,9486629
20181101,10875,11115,10813,10813,6126427
20181102,10985,11478,10962,11474,10160712
20181105,11426,11545,11277,11502,14141715
20181106,11555,11569,11273,11469,9253936
20181107,11459,11593,11268,11273,4764139
20181108,11483,11531,11359,11435,5440460
20181109,11387,11435,11110,11206,6732625
20181112,11057,11091,10813,10813,6300106
20181113,10631,10918,10507,10851,6588217
20181114,10813,11105,10698,10856,5353902
20181115,10899,11177,10804,11177,4517163
20181116,11210,11373,11153,11311,8058881
20181119,11316,11631,11316,11617,8249139
20181120,11416,11493,11311,11316,5612534
20181121,11105,11464,11029,11464,4523565
20181122,11435,11512,11316,11416,3291774
20181123,11397,11488,11239,11253,5057216
20181126,11277,11560,11268,11507,5617825
20181127,11569,11655,11445,11569,6451148
20181128,11607,11627,11517,11564,3223717
20181129,11756,11789,11373,11373,4857609
20181130,11421,11512,11363,11435,3298861
20181203,11641,11813,11574,11813,2855478
20181204,11746,11799,11617,11713,5807102
20181205,11483,11627,11483,11579,4842936
20181206,11493,11521,11153,11153,7963466
20181207,11292,11402,11206,11344,6904463
20181210,11143,11277,11067,11119,3232063
20181211,11167,11177,10904,10938,9141668
20181212,10990,11287,10976,11234,1780942
20181213,11225,11287,11129,11263,2082077
20181214,11186,11191,10885,10942,3189395
20181217,10952,10976,10670,10890,4827343
20181218,10737,10957,10708,10813,4583054
20181219,10861,11201,10828,11110,5440284
20181220,11014,11287,10971,11086,6517463
20181221,11033,11229,11024,11210,5765020
20181224,11153,11258,11115,11172,5599857
20181226,10981,11311,10976,11311,4157987
20181227,11655,11655,11220,11244,12471439
20181228,11258,11320,11163,11292,5063228
20190102,11397,11416,11033,11033,9384613
20190103,11086,11143,10785,10789,7622146
20190104,10765,10985,10670,10985,9990106
20190107,11096,11196,10971,11062,3314240
20190108,11067,11096,10918,10947,3536761
20190109,11009,11172,10995,11100,5712440
20190110,11076,11244,11052,11153,3661904
20190111,11177,11225,11119,11163,3287780
20190114,11134,11158,11000,11005,2177079
20190115,11038,11186,11029,11124,3141306
20190116,11143,11148,11014,11105,3445029
20190117,11143,11167,10928,10928,3592322
20190118,10985,11139,10985,11129,4490103
20190121,11129,11158,11014,11043,3570971
20190122,11057,11100,11005,11043,1806508
20190123,10995,11067,10981,11014,2641025
20190124,11019,11206,10995,11182,2845812
20190125,11177,11373,11158,11296,6837798
20190128,11311,11478,11311,11392,4780387
20190129,11335,11402,11244,11363,3733517
20190130,11359,11531,11354,11464,2612588
20190131,11560,11646,11488,11541,3848860
20190201,11545,11593,11497,11521,4041142
20190207,11617,11842,11555,11794,4652770
20190208,11713,11818,11694,11751,5608777
20190211,11765,11914,11765,11899,6596278
20190212,11909,11919,11765,11789,4478101
20190213,11837,12024,11837,11952,6120434
20190214,11957,12024,11899,11985,5443870
20190215,11981,12014,11823,11909,3669177
20190218,11976,12110,11971,12033,4762789
20190219,12033,12134,11952,12096,3638819
20190220,12100,12210,12091,12158,4115055
20190221,12163,12186,12048,12081,6855527
20190222,12043,12091,11947,12019,2802620
20190225,12043,12177,12043,12163,5990825
20190226,12167,12234,12086,12119,6020412
20190227,12124,12220,12096,12220,4075138
20190228,12220,12383,11952,12009,5968538
20190304,12124,12368,12124,12316,3969317
20190305,12287,12421,12253,12306,3707966
20190306,12311,12335,12081,12158,5571152
20190307,12129,12206,11890,11914,7244214
20190308,11837,11985,11785,11923,6474600
20190311,11928,12076,11789,12062,4954513
20190312,12186,12430,12186,12368,4233619
20190313,12344,12483,12282,12359,9919107
20190314,12407,12521,12225,12225,7915340
20190315,12230,12268,12000,12057,5628246
20190318,12139,12225,12019,12100,5070944
20190319,12124,12196,11914,11919,8446352
20190320,11928,11952,11799,11938,6653605
20190321,11938,12038,11770,11789,7415087
20190322,11871,11880,11761,11823,3621119
20190325,11679,11727,11517,11517,4760533
20190326,11569,11713,11545,11665,5194841
20190327,11674,11694,11478,11488,7001417
20190328,11459,11517,11354,11363,5545966
20190329,11411,11607,11330,11607,5484026
20190401,11579,11727,11531,11641,5919074
20190402,11713,11713,11631,11655,4083215
20190403,11670,11875,11660,11861,4647927
20190404,11856,11919,11751,11842,4672884
20190405,11842,11909,11746,11770,3599290
20190408,11785,11861,11689,11727,3420970
20190409,11756,11823,11665,11789,3213098
20190410,11751,11866,11732,11837,2033898
20190411,11856,11971,11847,11933,2655021
20190412,11890,11985,11852,11904,4417452
20190415,11957,11962,11852,11885,4036819
20190416,11885,11914,11794,11904,3288470
20190417,11890,11947,11866,11895,3009971
20190418,11880,11895,11598,11617,4465172
20190419,11689,11808,11689,11804,3766909
20190422,11813,11899,11751,11804,4656363
20190423,11808,11847,11718,11799,2738118
20190424,11880,11880,11655,11732,3936286
20190425,11732,11732,11622,11636,1210662
20190426,11627,11631,11483,11488,2150408
20190429,11594,11691,11507,11691,4802433
20190430,11657,11720,11565,11701,2013045
20190502,11677,11783,11648,11720,3211726
20190503,11701,11779,11657,11730,1951881
20190507,11570,11677,11512,11565,2869485
20190508,11454,11541,11391,11391,5085245
20190509,11391,11435,11057,11091,7134229
20190510,11154,11241,10926,11076,9475078
20190513,11003,11081,10790,10790,7481978
20190514,10625,10936,10625,10800,7649235
20190515,10863,11115,10790,11095,5022188
20190516,11095,11134,10863,10897,6021643
20190517,10965,11071,10776,10785,5016010
20190520,10834,10887,10572,10601,5084859
20190521,10577,10722,10562,10625,5901912
20190522,10674,10722,10591,10654,4815298
20190523,10684,10684,10432,10441,5987061
20190524,10407,10480,10286,10344,5974595
20190527,10383,10446,10257,10349,5618029
20190528,10398,10582,10344,10582,5182457
20190529,10514,10533,10301,10310,7737544
20190530,10315,10427,10257,10325,5948920
20190531,10296,10553,10267,10451,5044671
20190603,10398,10528,10383,10509,3794137
20190604,10509,10587,10480,10524,2827670
20190605,10625,10654,10528,10577,3199189
20190607,10616,10679,10553,10640,3240692
20190610,10693,10722,10625,10708,3705087
20190611,10698,10843,10693,10829,1675007
20190612,10776,10805,10688,10713,1465184
20190613,10732,10819,10630,10717,4656258
20190614,10732,10756,10591,10591,3723928
20190617,10601,10630,10543,10548,2759362
20190618,10558,10601,10403,10422,1955219
20190619,10524,10567,10451,10504,4989183
20190620,10519,10679,10519,10669,3262161
20190621,10674,10684,10533,10538,3136134
20190624,10567,10582,10461,10465,3244527
20190625,10495,10509,10354,10407,4306491
20190626,10378,10504,10354,10393,5449832
20190627,10393,10461,10039,10058,8043070
20190628,10049,10102,9840,9840,11902275
20190701,9981,10136,9952,10126,8486245
20190702,10092,10151,9966,10020,3217925
20190703,10029,10078,9937,10000,3653187
20190704,9976,10025,9811,9952,3813340
20190705,9966,10058,9865,10049,5247356
20190708,9986,10010,9719,9719,5782803
20190709,9739,9802,9487,9487,11718528
20190710,9555,9710,9501,9584,8493298
20190711,9622,9744,9564,9724,5098722
20190712,9719,9831,9651,9744,4385343
20190715,9744,9748,9603,9681,2817134
20190716,9666,9797,9642,9705,4151875
20190717,9681,9700,9555,9603,4265697
20190718,9603,9661,9511,9574,4115640
20190719,9613,9768,9613,9768,3454964
20190722,9758,9797,9705,9753,3418979
20190723,9748,9826,9651,9681,3262504
20190724,9690,9758,9588,9588,4572207
20190725,9603,9637,9448,9477,5900701
20190726,9438,9496,9332,9385,5299333
20190729,9375,9375,9085,9085,9777387
20190730,9085,9235,9085,9118,7888503
20190731,9104,9215,8896,9172,7352854
20190801,9143,9244,9036,9080,5196605
20190802,8818,8925,8716,8726,9114772
20190805,8678,8678,7810,7994,28148938
20190806,7713,8266,7650,7849,22284002
20190807,8009,8183,7810,8014,17822514
20190808,8111,8290,8048,8290,6820406
20190809,8329,8382,8203,8266,7424811
20190812,8237,8309,8149,8285,7245697
20190813,8193,8217,8145,8174,4605336
20190814,8382,8387,8275,8367,6481361
20190816,8275,8324,8208,8290,5040834
20190819,8324,8372,8271,8338,3259994
20190820,8334,8595,8314,8571,5772246
20190821,8513,8741,8489,8726,10849344
20190822,8770,8779,8619,8644,5709528
20190823,8561,8678,8547,8576,3908297
20190826,8334,8411,8140,8149,7543423
20190827,8251,8353,8212,8227,7937890
20190828,8256,8576,8237,8576,5687594
20190829,8537,8653,8416,8518,6785812
20190830,8653,8741,8639,8663,4318129
20190902,8624,8891,8624,8871,6182749
20190903,8818,8949,8818,8823,4289944
20190904,8794,8973,8794,8949,4140129
20190905,8988,9099,8988,9022,5429408
20190906,9075,9089,8963,8988,3597293
20190909,9012,9060,8900,8925,3664362
20190910,8939,8973,8804,8837,4203279
20190911,8876,9026,8862,8993,5776252
20190916,9036,9196,8954,9172,7896614
20190917,9152,9332,9114,9225,6017249
20190918,9254,9307,9172,9196,5348401
20190919,9211,9322,9114,9191,4251617
20190920,9191,9254,9152,9215,4076269
20190923,9196,9215,9109,9138,2402022
20190924,8959,9041,8794,8818,5259982
20190925,8794,8900,8629,8692,7154263
20190926,8794,8910,8682,8808,6917228
20190927,8804,8808,8682,8760,3844668
20190930,8804,8818,8624,8731,4779840
20191001,8760,9022,8760,8993,2589512
20191002,8896,8993,8857,8857,4914299
20191004,8823,8978,8755,8881,4234291
20191007,8968,9264,8968,9206,7009715
20191008,9230,9327,9109,9312,8548465
20191010,9215,9298,9152,9278,7376582
20191011,9341,9361,9206,9211,5356698
20191014,9366,9472,9298,9395,5692337
20191015,9370,9545,9366,9496,5917815
20191016,9564,9603,9521,9579,8450984
20191017,9569,9608,9409,9467,4314787
20191018,9496,9506,9356,9385,3618994
20191021,9404,9588,9380,9588,5199342
20191022,9685,9976,9642,9826,11337832
20191023,9821,10136,9821,10136,9122870
20191024,10146,10170,9744,10029,10144378
20191025,9986,10000,9763,9763,6707100
20191028,9802,9874,9705,9739,5526951
20191029,9826,9933,9739,9884,8221239
20191030,9918,9962,9845,9865,4673811
20191031,9952,10025,9855,9884,4547922
20191101,9899,10000,9836,9962,5764259
20191104,10054,10136,10015,10078,5607783
20191105,10083,10189,10025,10189,3968403
20191106,10184,10194,10025,10025,4997503
20191107,10015,10049,9899,9966,7224644
20191108,10029,10063,9889,9962,3823594
20191111,9986,9986,9811,9816,2651844
20191112,9865,9952,9821,9942,3189228
20191113,9933,9933,9773,9792,3261858
20191114,9811,9894,9768,9836,3151980
20191115,9831,10005,9773,9995,3121976
20191118,10005,10044,9908,9976,4466555
20191119,9962,9962,9768,9768,3571528
20191120,9744,9802,9525,9525,6729385
20191121,9530,9555,9288,9341,9050800
20191122,9346,9433,9235,9317,7564588
20191125,9390,9569,9390,9555,4891878
20191126,9642,9695,9574,9584,4939278
20191127,9637,9656,9501,9559,3705895
20191128,9521,9555,9370,9370,4524541
20191129,9380,9448,9196,9225,6077043
20191202,9293,9395,9254,9317,5178421
20191203,9211,9264,9152,9196,3372907
20191204,9114,9201,9089,9152,3100159
20191205,9211,9244,8978,9070,6563633
20191206,9075,9230,9075,9220,7710605
20191209,9264,9269,9152,9206,3578362
20191210,9177,9201,9118,9172,4440105
20191211,9162,9230,9128,9157,1780181
20191212,9206,9424,9177,9341,3179241
20191213,9472,9540,9385,9419,8317804
20191216,9429,9467,9375,9395,4934452
20191217,9448,9550,9424,9540,3698323
20191218,9545,9559,9467,9492,2932942
20191219,9506,9613,9429,9525,4825230
20191220,9564,9603,9516,9569,4231690
20191223,9593,9695,9584,9656,2927530
20191224,9661,9661,9487,9496,4467827
20191226,9525,9768,9472,9758,6222466
20191227,9763,9981,9758,9933,7401239
20191230,9952,10107,9913,10092,8269313
20200102,10121,10136,9947,10097,6409888
20200103,10180,10204,9923,9942,6119412
20200106,9787,9821,9666,9671,6186428
20200107,9739,9879,9724,9850,5113779
20200108,9753,9758,9506,9511,11290606
20200109,9792,9976,9593,9957,12893529
20200110,9981,10039,9894,10039,6901923
20200113,10092,10126,9448,10117,4794899
20200114,10155,10262,10044,10058,7525970
20200115,10049,10107,10000,10034,4793792
20200116,10020,10175,9991,10155,4459373
20200117,10223,10243,10107,10141,5512768
20200120,10155,10218,10025,10044,4435107
20200121,10054,10088,9879,9913,3672765
20200122,9903,10141,9903,10141,6178382
20200123,10088,10102,9976,10020,3034656
20200128,9661,9744,9608,9666,6091040
20200129,9753,9826,9681,9777,6913191
20200130,9753,9816,9530,9559,5749600
20200131,9622,9744,9370,9395,11293108
20200203,9293,9574,9264,9535,7136290
20200204,9550,9724,9550,9719,4012600
20200205,9782,9850,9647,9695,4858361
20200206,9787,9937,9773,9908,5578011
20200207,9889,9942,9816,9899,5096931
20200210,9816,9995,9792,9957,5055540
20200211,9966,10097,9966,10063,4547909
20200212,10063,10160,10020,10117,4910315
20200213,10160,10189,10020,10097,5218013
20200214,10073,10180,10044,10083,4724793
20200217,10078,10165,10063,10131,3152319
20200218,10102,10117,9966,9981,5188711
20200219,10034,10054,9836,10000,5064220
20200220,10044,10073,9860,9947,3457389
20200221,9821,9889,9676,9690,5637356
20200224,9458,9559,9249,9293,15044587
20200225,9298,9642,9254,9627,16127077
20200226,9409,9710,9409,9651,5691517
20200227,9637,9787,9380,9477,8182970
20200228,9322,9424,9070,9128,16239164
20200302,9230,9419,9080,9390,15040360
20200303,9651,9651,9327,9337,6402655
20200304,9293,9530,9283,9492,5364617
20200305,9588,9661,9516,9627,6996902
20200306,9545,9584,9429,9535,6127253
20200309,9395,9409,9162,9167,6730955
20200310,9162,9327,9051,9322,10712277
20200311,9327,9341,8900,8930,10542755
20200312,8881,8930,8406,8474,26736450
20200313,7994,8426,7660,8111,35203820
20200316,8237,8397,7839,7839,23958212
20200317,7650,8203,7529,8154,15003308
20200318,8188,8343,7616,7616,16626532
20200319,7941,8004,6783,6996,18934018
20200320,7253,7607,7054,7607,35423860
20200323,7103,7476,7064,7214,10672273
20200324,7437,7897,7369,7897,8892773
20200325,8062,8188,7878,8111,7893632
20200326,8120,8697,8033,8183,9907141
20200327,8537,8561,8028,8285,16095079
20200330,8077,8566,8077,8498,12856883
20200331,8615,9075,8605,8997,19324444
20200401,8963,9172,8653,8668,13058996
20200402,8745,8954,8508,8896,12540612
20200403,8876,9046,8808,8954,10307377
20200406,9065,9351,9036,9312,14387788
20200407,9400,9467,9181,9351,9526946
20200408,9312,9453,9225,9307,9300271
20200409,9467,9467,9317,9385,8653269
20200410,9395,9409,9109,9312,11023225
20200413,9264,9356,9118,9118,6679076
20200414,9206,9414,9181,9361,9704310
20200416,9254,9632,9254,9603,10536724
20200417,9787,9787,9603,9739,8510449
20200420,9763,9831,9661,9710,8652813
20200421,9695,9787,9293,9613,9446245
20200422,9501,9787,9443,9710,5912741
20200423,9753,9840,9695,9763,4688432
20200424,9724,9816,9564,9618,6956950
20200427,9681,9850,9661,9802,3680232
20200428,9826,9910,9679,9753,6675209
20200429,9802,9821,9723,9748,3580162
20200504,9625,9821,9576,9669,4359251
20200506,9777,9983,9738,9944,4525541
20200507,9905,10101,9905,10052,5939603
20200508,10120,10395,10101,10361,9665520
20200511,10424,10518,10233,10395,9124308
20200512,10415,10439,10248,10346,9789350
20200513,10223,10523,10223,10503,8316879
20200514,10444,10532,10361,10464,9200708
20200515,10547,10557,10370,10469,5889447
20200518,10532,10542,10331,10366,2878566
20200519,10478,10498,9777,10454,4454908
20200520,10449,10660,10439,10621,6194040
20200521,10704,10733,10650,10714,5376779
20200522,10719,10733,10508,10572,3997861
20200525,10640,10738,10542,10738,3787152
20200526,10777,10895,10699,10866,7470281
20200527,10787,10900,10733,10797,3790820
20200528,10827,10841,10400,10523,6968160
20200529,10523,10704,10454,10675,8714056
20200601,10728,11175,10699,11126,8781059
20200602,11131,11601,11111,11283,7109516
20200603,11376,11493,11155,11248,5593199
20200604,11346,11400,11175,11292,6955501
20200605,11327,11474,11219,11444,6658055
20200608,11538,11606,11400,11498,7733247
20200609,11587,11587,11386,11503,2901451
20200610,11538,11704,11484,11641,6219281
20200611,11650,11851,11547,11645,5880283
20200612,11322,11533,11219,11464,7116129
20200615,11376,11484,10660,10660,8001858
20200616,10988,11469,10988,11435,7784808
20200617,11376,11538,11150,11386,7864484
20200618,11297,11469,11287,11346,6973460
20200619,11425,11454,11209,11381,4717729
20200622,11371,11665,11351,11611,6042356
20200623,11699,11812,11489,11645,6703738
20200624,11748,11851,11596,11675,5246508
20200625,11552,11685,11493,11538,5118727
20200626,11680,11694,11464,11616,4884729
20200629,11518,11582,11307,11332,6031535
20200630,11474,11489,11278,11400,5627260
20200701,11479,11479,11170,11184,3016883
20200702,11263,11459,11243,11405,4677751
20200703,11435,11577,11341,11552,4782683
20200706,11567,11690,11513,11660,4482782
20200707,11719,11812,11626,11675,5743432
20200708,11704,11793,11655,11763,5230801
20200709,11807,11920,11788,11842,4446005
20200710,11846,11920,11729,11861,6344420
20200713,11959,11979,11856,11969,3700313
20200714,11891,11998,11851,11905,4838060
20200715,11984,11994,11842,11945,3747733
20200716,11945,11954,11699,11817,5515277
20200717,11827,11994,11817,11964,5348826
20200720,12003,12038,11886,11940,2180878
20200721,12013,12190,12013,12092,3216487
20200722,12106,12204,11998,12155,3039277
20200723,12170,12366,12106,12327,2762400
20200724,12239,12381,12131,12224,4496172
20200727,12195,12396,12195,12327,3104970
20200728,12381,12528,12376,12504,3367592
20200729,12484,12513,12381,12469,2837293
20200730,12523,12528,12381,12459,2927747
20200731,12504,12528,12435,12474,2226230
20200803,12484,12709,12425,12695,3697836
20200804,12754,12822,12719,12788,3340378
20200805,12832,13107,12817,13107,3921538
20200806,13166,13273,13102,13244,4752067
20200807,13342,13362,13156,13347,4281112
20200810,13391,13474,13288,13396,3228068
20200811,13386,13460,13313,13352,3445456
20200812,13298,13327,12925,13072,6022049
20200813,13190,13489,13190,13357,8044711
20200814,13298,13332,12896,12935,5902771
20200818,12979,13004,12415,12499,5693961
20200819,12616,12812,12572,12808,7774066
20200820,12739,12798,12229,12361,14106495
20200821,12508,12567,12175,12415,12428840
20200824,12459,12788,12293,12778,6261550
20200825,12861,13067,12822,13023,5348344
20200826,13077,13131,12837,13048,5979427
20200827,13067,13116,12911,13004,4187424
20200828,13077,13313,12999,13087,6881455
20200831,13210,13293,13014,13175,4536643
20200901,13210,13288,13146,13215,3682662
20200902,13327,13573,13288,13528,7463073
20200903,13582,13631,13509,13563,3673542
20200904,13063,13381,13043,13337,4599452
20200907,13327,13573,13288,13558,4756950
20200908,13587,13749,13509,13592,6273607
20200909,13430,13558,13371,13371,2884687
20200910,13489,13533,13367,13514,2238414
20200911,13450,13519,13268,13509,4798271
20200914,13543,13617,13465,13612,2059689
20200915,13671,13803,13602,13759,4346291
20200916,13759,13911,13685,13725,4901889
20200917,13710,13754,13474,13519,8924465
20200918,13538,13695,13465,13666,5731646
20200921,13656,13798,13200,13298,7372741
20200922,13313,13406,12812,12871,12805312
20200923,12994,13058,12602,12950,14907365
20200924,12734,12739,12263,12278,13786407
20200925,12420,12499,12160,12253,13881479
20200928,12415,12803,12415,12803,5302005
20200929,12876,12974,12768,12964,8066272
20201005,12974,13112,12832,13048,8008561
20201006,13072,13156,12935,13023,6692777
20201007,12896,13141,12896,13141,5859701
20201008,13200,13200,13038,13102,6283050
20201012,13156,13185,13023,13151,4169617
20201013,13219,13229,12920,13043,5389945
20201014,13038,13072,12793,12847,9855009
20201015,12798,12817,12405,12528,12706575
20201016,12538,12592,12214,12425,13506377
20201019,12494,12602,12200,12283,13655431
20201020,12200,12401,11974,12401,12736398
20201021,12391,12518,12214,12489,10419856
20201022,12376,12391,12092,12116,11299304
20201023,12146,12195,11920,12028,13164866
20201026,11984,12057,11533,11606,15639858
20201027,11533,11940,11439,11743,18951140
20201028,11714,12106,11714,12097,8348107
20201029,11910,12356,11876,12356,13619998
20201030,12298,12327,11822,11861,15474409
20201102,11866,12146,11807,12033,13342986
20201103,12092,12391,12092,12298,15872597
20201104,12391,12641,12214,12543,13346978
20201105,12665,12827,12631,12788,12281797
20201106,12822,12842,12469,12528,10957170
20201109,12656,12788,12631,12714,10041344
20201110,12607,12626,12366,12450,7852133
20201111,12430,12602,12278,12528,7219709
20201112,12582,12685,12386,12494,9255420
20201113,12420,12528,12224,12528,9373243
20201116,12597,12724,12533,12631,9248439
20201117,12631,12646,12420,12499,8243618
20201118,12499,12724,12430,12685,9136931
20201119,12646,12876,12557,12876,6426745
20201120,12871,13082,12847,13028,11065663
20201123,13018,13175,12974,13072,5450717
20201124,13082,13136,12886,12955,5618775
20201125,13028,13210,12783,12906,12867533
20201126,12930,13166,12798,13131,9332714
20201127,13092,13391,13092,13357,11116193
20201130,13421,13499,13303,13303,6691118
20201201,13376,13470,13244,13435,5476781
20201202,13465,13626,13352,13592,11453308
20201203,13592,13823,13573,13803,9705604
20201204,13832,14112,13818,14063,9459869
20201207,14171,14592,14097,14558,12180459
20201208,14529,14710,13911,13965,14849171
20201209,14048,14215,13877,14102,10806141
20201210,13896,14387,13896,14337,9443925
20201211,14401,14485,14337,14396,9648560
20201214,14485,14686,14347,14460,9366170
20201215,14509,14543,14230,14470,13358974
20201216,14548,14656,14406,14588,7477607
20201217,14543,14808,14543,14651,7263815
20201218,14691,14735,14617,14676,5675034
20201221,14725,14990,14617,14950,10423819
20201222,14911,14995,14475,14475,10339419
20201223,14573,14681,14303,14401,15698726
20201224,14436,14666,14308,14543,7860505
20201228,14666,14823,14573,14823,11310192
20201229,14901,15215,14715,15191,12366319
20201230,15176,15274,15053,15161,8234008
20210104,15147,15147,14862,15102,5883817
20210105,14990,15186,14774,15112,10822673
20210106,15112,15205,14955,14985,11559214
20210107,15073,15205,14936,15063,6074893
20210108,15156,15181,14975,15171,5688753
20210111,15245,15539,14769,15166,10200893
20210112,15107,15274,14823,15122,8933780
20210113,15132,15245,15019,15122,5433863
20210114,15058,15102,14916,14946,4158425
20210115,14946,15019,14553,14646,7755449
20210118,14509,14740,14190,14239,4703960
20210119,14284,14627,14132,14475,5948639
20210120,14553,14921,14539,14803,6383866
20210121,14941,14950,14686,14803,5167059
20210122,14803,14862,14646,14759,4850080
20210125,14798,15264,14779,15230,7752035
20210126,15215,15416,14980,15063,7457272
20210127,15137,15156,14843,14887,8302110
20210128,14646,14828,14504,14617,10840225
20210129,14637,14695,14004,14136,11172872
20210201,14136,14749,14132,14725,9334081
20210202,14779,14921,14563,14725,5045139
20210203,14803,14803,14514,14798,4235136
20210204,14740,14744,14465,14627,4885865
20210205,14661,14740,14524,14656,3314018
20210208,14632,14686,14475,14534,3021226
20210209,14568,14597,14416,14416,2509851
20210210,14401,14534,14264,14485,4735151
20210215,14553,14784,14499,14705,3586579
20210216,14725,14808,14396,14465,5676190
20210217,14416,14431,14279,14391,3872423
20210218,14357,14426,14195,14195,3472513
20210219,14166,14254,13872,14244,2866053
20210222,14284,14313,13872,13940,5483545
20210223,13842,13896,13592,13612,6113662
20210224,13636,13867,13146,13205,6242480
20210225,13416,13867,13396,13832,5761961
20210226,13484,13582,13278,13401,4823110
20210302,13734,13940,13474,13744,4852111
20210303,13641,13881,13636,13827,4526060
20210304,13641,13778,13523,13739,3150324
20210305,13568,13788,13425,13754,3220813
20210308,13877,13886,13347,13396,5687621
20210309,13362,13435,13009,13308,6223295
20210310,13533,13582,13219,13244,4089457
20210311,13337,13617,13239,13577,2828511
20210312,13651,13857,13636,13774,5232446
20210315,13754,13818,13690,13710,2350827
20210316,13788,14092,13778,14058,4171437
20210317,14038,14087,13877,14063,3319461
20210318,14141,14244,14058,14092,2293690
20210319,13891,14156,13886,14078,1653329
20210322,14014,14190,13960,14166,2231666
20210323,14195,14318,14053,14082,2678155
20210324,13999,14244,13965,14185,2658526
20210325,14122,14230,14043,14200,2389674
20210326,14234,14239,14068,14171,2851424
20210329,14249,14249,14063,14112,2857941
20210330,14112,14215,14107,14127,2057889
20210331,14127,14200,14019,14024,2726985
20210401,14063,14185,13975,14161,1942541
20210402,14239,14254,14107,14166,2946262
20210405,14171,14195,14038,14073,2537093
20210406,14117,14141,13940,13999,2400292
20210407,14024,14087,13955,14024,2462234
20210408,14038,14234,13999,14215,2268552
20210409,14234,14367,14220,14288,2571565
20210412,14318,14416,14254,14411,4436086
20210413,14382,14700,14382,14676,5541800
20210414,14700,14769,14637,14695,3825173
20210415,14681,14700,14578,14676,2620263
20210416,14700,14843,14641,14798,4803071
20210419,14725,15039,14725,14955,3752030
20210420,14936,14980,14843,14896,3636222
20210421,14813,14857,14632,14700,6801819
20210422,14744,14813,14695,14730,4723499
20210423,14641,14828,14607,14735,1564364
20210426,14754,14779,14681,14764,2450155
20210427,14754,14764,14548,14558,1618205
20210428,14509,14553,14097,14122,6518527
20210429,14176,14330,13914,13934,6636200
20210430,13968,14028,13706,13874,4657974
20210503,13884,13953,13433,13478,6951891
20210504,13399,13627,13206,13587,8453489
20210506,13542,13587,13399,13557,5523151
20210507,13602,13805,13572,13731,3723748
20210510,13825,14062,13755,14047,5150628
20210511,13899,13948,13641,13696,5609534
20210512,13716,13755,13409,13518,4240317
20210513,13305,13537,13285,13305,4096861
20210514,13419,13636,13369,13631,3393104
20210517,13735,13765,13528,13617,2381182
20210518,13622,13830,13602,13810,5263155
20210520,13740,13839,13661,13800,2789347
20210521,13894,13978,13706,13716,4133582
20210524,13671,13696,13458,13458,6399028
20210525,13532,13765,13532,13721,8967797
20210526,13740,13780,13681,13706,4241109
20210527,13731,13835,13567,13835,2983603
20210528,13849,13909,13790,13815,3251612
20210531,13854,13924,13820,13864,2176567
20210601,13864,13904,13805,13869,2443281
20210602,13859,13889,13686,13696,2582796
20210603,13745,13929,13696,13869,2215285
20210604,13805,13810,13686,13755,1120567
20210607,13830,13859,13641,13706,2507990
20210608,13750,13835,13716,13775,1203414
20210609,13770,13790,13582,13582,1488897
20210610,13587,13968,13572,13859,3737215
20210611,13904,13983,13815,13874,2333472
20210614,13909,14062,13894,14028,2156234
20210615,14013,14052,13899,13953,2229712
20210616,13919,13973,13869,13924,2296567
20210617,13835,14023,13815,13998,1916742
20210618,13988,14340,13988,14325,2785228
20210621,14176,14310,14161,14255,2860311
20210622,14305,14340,14186,14226,2289582
20210623,14265,14453,14265,14354,3409708
20210624,14374,14394,14255,14270,2233182
20210625,14345,14364,14161,14161,1754362
20210628,14236,14280,14181,14226,1383348
20210629,14260,14399,14245,14325,2443711
20210630,14315,14498,14305,14434,2569377
20210701,14404,14557,14394,14538,2607039
20210702,14543,14602,14473,14572,2934583
20210705,14612,14850,14612,14800,4461544
20210706,14756,14805,14622,14656,2648900
20210707,14656,14775,14617,14696,2125669
20210708,14691,14741,14424,14473,2128849
20210709,14404,14468,14221,14429,4106010
20210712,14493,14538,14384,14439,2328503
20210713,14463,14647,14444,14557,3390816
20210714,14498,14582,14429,14567,4299423
20210715,14577,14825,14567,14741,2202154
20210716,14656,14770,14592,14681,2572872
20210719,14587,14746,14587,14706,3190246
20210720,14587,14731,14528,14627,2361953
20210721,14706,14726,14582,14632,3807559
20210722,14706,14815,14676,14805,2923597
20210723,14805,14968,14795,14830,2599987
20210726,14894,14904,14652,14706,2403113
20210727,14736,14805,14632,14637,1735824
20210728,14582,14671,14374,14444,4884643
20210729,14508,14582,14478,14557,2503634
20210730,14518,14528,14290,14310,2893560
20210802,14384,14538,14354,14488,4008989
20210803,14468,14597,14369,14473,3597741
20210804,14503,14676,14449,14676,2816995
20210805,14676,14825,14676,14736,4159779
20210806,14760,14855,14711,14810,1398775
20210809,14706,14855,14656,14855,2720300
20210810,14810,14864,14666,14691,2657872
20210811,14647,14815,14592,14741,2428176
20210812,14736,14795,14681,14686,1779831
20210813,14661,14696,14379,14553,4035586
20210817,14553,14582,14245,14265,3665704
20210818,14211,14523,14146,14453,4264804
20210819,14345,14483,14112,14112,5275093
20210820,14206,14315,13805,13879,10108341
20210823,13998,14300,13973,14275,4134845
20210824,14394,14557,14345,14557,3489053
20210825,14592,14622,14424,14622,4418434
20210826,14642,14711,14533,14671,5778304
20210827,14602,14746,14557,14652,3266990
20210830,14756,14894,14711,14760,2719555
20210831,14751,14894,14612,14894,4641902
20210901,14815,15003,14815,14998,5220863
20210902,14949,15013,14899,14959,1892994
20210903,14968,15067,14939,15028,1402105
20210906,15023,15122,14963,15038,2274596
20210907,15018,15087,14973,15087,827774
20210908,15023,15033,14756,14780,2147853
20210909,14706,14850,14666,14696,1047212
20210910,14671,14855,14671,14830,1314863
20210913,14760,14785,14647,14676,1991295
20210914,14696,14934,14686,14879,1648925
20210915,14864,15053,14855,15043,2297929
20210916,15087,15092,14909,14998,1354951
20210917,15013,15102,14914,15072,1387482
20210923,15043,15167,14924,15077,2094450
20210924,15137,15142,14959,15048,1859161
20210927,15018,15058,14889,14949,1904082
20210928,14904,14914,14543,14543,3258440
20210929,14345,14463,14255,14419,4279100
20210930,14399,15107,14320,14523,3525403
20211001,14384,14429,14137,14191,5829135
20211005,14047,14156,13869,13884,5485918
20211006,13953,14042,12973,13508,9425916
20211007,13691,13899,13686,13864,7256799
20211008,13934,13958,13731,13785,3408468
20211012,13701,13740,13503,13572,4171433
20211013,13562,13839,13562,13735,2308982
20211014,13889,14250,13830,14236,4225935
20211015,14335,14359,14112,14241,3312479
20211018,14245,14364,14137,14270,2713051
20211019,14340,14508,14305,14478,4406973
20211020,14523,14567,14359,14384,2245788
20211021,14389,14429,14171,14181,2530867
20211022,14181,14414,14156,14241,2987696
20211025,14221,14290,14151,14285,1875480
20211026,14374,14597,14349,14557,2872291
20211027,14557,14582,14463,14533,2246639
20211028,14498,14553,14335,14335,1915510
20211029,14419,14424,14186,14206,2436570
20211101,14300,14473,14270,14379,3228775
20211102,14379,14607,14369,14528,3007229
20211103,14543,14666,14439,14488,2063503
20211104,14656,14751,14424,14498,3083366
20211105,14612,14666,14488,14656,2293174
20211108,14602,14696,14354,14582,4466795
20211109,14538,14756,14523,14711,2920198
20211110,14612,14642,14295,14305,6470644
20211111,14250,14473,14201,14468,4722996
20211112,14513,14736,14468,14726,2273876
20211115,14785,15092,14760,15087,3733377
20211116,15023,15186,14993,15186,3734028
20211117,15216,15236,14983,14993,2692698
20211118,15013,15077,14850,15033,2375327
20211119,15028,15191,14934,15191,3095152
20211122,15176,15285,14973,15107,3623281
20211123,14998,14998,14686,14701,5613171
20211124,14701,14850,14592,14850,4804724
20211125,14815,14884,14656,14686,3425993
20211126,14681,14805,14498,14577,7283409
20211129,14439,14691,14439,14553,3755161
20211130,14612,14780,14201,14300,4573671
20211201,14399,14468,14062,14379,5936508
20211202,14260,14320,14077,14290,5950638
20211203,14290,14661,14265,14617,3663200
20211206,14513,14538,14330,14444,4185256
20211207,14503,14592,14444,14557,2028596
20211208,14676,14850,14676,14736,2091344
20211209,14696,15053,14676,14983,2910467
20211210,14944,14944,14666,14686,1448377
20211213,14731,14780,14562,14587,1756508
20211214,14513,14627,14483,14543,2172236
20211215,14493,14652,14468,14637,1414383
20211216,14805,14869,14647,14681,3053729
20211217,14553,14607,14394,14463,3281285
20211220,14429,14602,14409,14409,2545794
20211221,14508,14572,14340,14523,2396859
20211222,14652,14652,14498,14528,2312887
20211223,14587,14676,14543,14587,3449514
20211224,14622,14716,14582,14617,2961696
20211227,14617,14805,14577,14780,3017655
20211228,15048,15266,14874,15266,7538536
20211229,15256,15280,14879,14949,8247963
20211230,14973,15018,14765,14924,6428263
20220103,14924,15013,14756,14889,3817663
20220104,14889,14904,14587,14647,4508121
20220105,14557,14622,14310,14320,3351303
20220106,14166,14250,13839,13874,9536996
20220107,14013,14127,13953,14013,13012191
20220110,13894,13948,13721,13770,3926962
20220111,13815,13884,13597,13661,5484508
20220112,13810,14082,13795,14038,4608158
20220113,14008,14052,13795,13825,3525483
20220114,13617,13666,13542,13592,2840751
20220117,13617,13622,13433,13498,3108084
20220118,13513,13696,13255,13320,5852080
20220119,13136,13295,13057,13141,5967799
20220120,13136,13513,13121,13513,7043004
20220121,13354,13443,13166,13280,3413220
20220124,13225,13225,12923,12968,6631746
20220125,13057,13082,12631,12666,9959680
20220126,12730,12834,12423,12438,13973105
20220127,12522,12522,11884,11903,13464631
20220128,11978,12295,11745,12215,18449012
20220203,12438,12602,12418,12468,8498145
20220204,12458,12621,12413,12621,5052717
20220207,12592,12606,12339,12428,3682755
20220208,12458,12582,12235,12354,4228571
20220209,12463,12626,12428,12626,2641292
20220210,12661,12681,12275,12319,4463456
20220211,12092,12225,11983,11988,4885301
20220214,11874,11943,11740,11824,5027471
20220215,11834,11963,11641,11651,5630065
20220216,11884,12255,11874,12255,4880283
20220217,12230,12399,11948,12111,6418672
20220218,11943,12215,11893,12171,5363328
20220221,11953,12210,11874,12196,3352072
20220222,11968,12096,11923,11997,4353757
20220223,12126,12205,12032,12166,4118855
20220224,12032,12032,11775,11789,5599159
20220225,12027,12245,12027,12240,6447559
20220228,12116,12304,12111,12299,3760785
20220302,12255,12562,12245,12493,4401951
20220303,12577,12805,12547,12780,4549018
20220304,12686,12686,11785,12478,5119104
20220307,12265,12394,12136,12225,2898920
20220308,12012,12285,11983,12092,3683150
20220310,12423,12567,12399,12507,3066307
20220311,12547,12656,12438,12478,4474465
20220314,12493,12522,12141,12191,4212069
20220315,12136,12240,12042,12161,5272382
20220316,12354,12517,12309,12507,5959939
20220317,12735,12943,12720,12854,4496749
20220318,12849,12973,12755,12973,4594892
20220321,13037,13037,12770,12770,3971303
20220322,12725,12839,12676,12805,3128314
20220323,12918,13013,12859,12928,3450084
20220324,12805,12933,12706,12869,2984198
20220325,12943,12968,12849,12864,3955018
20220328,12790,12864,12656,12671,3082432
20220329,12770,12913,12760,12913,2671052
20220330,12993,13017,12909,12918,3208202
20220331,12869,13042,12869,13003,3575830
20220401,12923,12953,12844,12904,2258248
20220404,12874,13003,12829,12998,3613860
20220405,13042,13151,13032,13077,3432471
20220406,12909,12958,12805,12834,3516380
20220407,12720,12775,12666,12760,3529671
20220408,12805,12874,12715,12854,3507524
20220411,12765,12790,12522,12527,4106445
20220412,12418,12483,12309,12453,4760969
20220413,12498,12701,12413,12681,4693039
20220414,12681,12770,12611,12651,4285561
20220415,12547,12587,12418,12567,3858479
20220418,12522,12522,12394,12463,2706800
20220419,12552,12775,12547,12755,3593691
20220420,12735,12745,12641,12641,2888214
20220421,12710,12810,12626,12636,2834140
20220422,12478,12527,12369,12478,3356222
20220425,12314,12329,12131,12131,4162854
20220426,12240,12408,12240,12354,7183316
20220427,12077,12181,12017,12141,4545687
20220428,12211,12221,12056,12126,6356469
20220429,12136,12435,12116,12395,5131350
20220502,12201,12330,12136,12280,4122663
20220503,12325,12490,12300,12375,4444433
20220504,12405,12470,12266,12290,3965286
20220506,12141,12181,12002,12022,4482664
20220509,11927,11962,11718,11728,6804239
20220510,11528,11743,11389,11673,8317036
20220511,11568,11972,11533,11972,6902851
20220512,11758,11782,11379,11379,9271622
20220513,11474,11872,11469,11832,8391256
20220516,11957,12046,11792,11822,6147918
20220517,11832,12036,11822,12012,5485560
20220518,12081,12221,12071,12181,5141691
20220519,11827,12111,11773,11982,6263959
20220520,12076,12375,12076,12345,4880279
20220523,12420,12445,12285,12435,7735361
20220524,12350,12380,12066,12071,4678406
20220525,12171,12395,12031,12226,6270842
20220526,12231,12440,12106,12171,6032349
20220527,12340,12405,12136,12186,6088208
20220530,12350,12400,12310,12370,4816286
20220531,12385,12475,12285,12450,5649097
20220602,12380,12420,12315,12345,5499905
20220603,12515,12515,12290,12300,5438476
20220607,12261,12266,11957,11957,4341870
20220608,12031,12131,11957,11987,5539887
20220609,11962,12136,11852,12106,5540201
20220610,11972,12036,11902,11987,2998875
20220613,11653,11723,11429,11449,10697300
20220614,11304,11489,11190,11454,17635028
20220615,11409,11504,11090,11155,12202868
20220616,11354,11489,11195,11235,12603026
20220617,11050,11210,10986,11165,8879095
20220620,11289,11304,10826,10876,11014460
20220621,10941,11090,10791,11011,11048750
20220622,11055,11090,10572,10572,9449740
20220623,10597,10762,10209,10224,19569616
20220624,10323,10831,10323,10821,16284061
20220627,10946,11100,10811,11011,6916192
20220628,10986,11050,10791,10921,8338706
20220629,10732,10762,10552,10652,7462693
20220630,10627,10662,10408,10428,6503216
20220701,10522,10602,10154,10184,9720794
20220704,10249,10343,10029,10174,12184922
20220705,10318,10647,10269,10632,10171650
20220706,10597,10786,10443,10458,8694280
20220707,10567,10737,10527,10692,6964939
20220708,10816,10916,10752,10811,7116154
20220711,10826,10956,10747,10781,5918478
20220712,10667,10702,10513,10547,5723302
20220713,10572,10861,10547,10861,6190465
20220714,10796,10931,10752,10821,6639671
20220715,10911,10921,10692,10816,6610921
20220718,10971,11030,10806,10966,7993179
20220719,10886,11040,10861,11025,6520177
20220720,11265,11284,11125,11185,7435986
20220721,11205,11235,11115,11205,5065065
20220722,11210,11309,11085,11085,4693146
20220725,11016,11150,10981,11115,6803958
20220726,11075,11150,11040,11120,4066112
20220727,11125,11205,11105,11205,4278705
20220728,11359,11404,11215,11265,6044009
20220729,11379,11434,11289,11344,6497021
20220801,11339,11414,11274,11364,6096006
20220802,11344,11359,11235,11314,5630730
20220803,11314,11519,11289,11519,4803439
20220804,11573,11777,11573,11723,6334407
20220805,11748,11922,11743,11872,6366222
20220808,11797,11872,11768,11847,6281586
20220809,11827,11952,11792,11922,5077549
20220810,11842,11867,11638,11648,5810847
20220811,11842,11937,11753,11827,5113964
20220812,11792,11837,11688,11773,5671644
20220816,11867,11877,11777,11827,5302451
20220817,11852,11852,11703,11748,6008134
20220818,11668,11743,11573,11708,6878247
20220819,11723,11728,11474,11474,8210160
20220822,11379,11424,11240,11240,8631817
20220823,11150,11200,11001,11021,6271921
20220824,11085,11185,10966,11180,7946585
20220825,11180,11439,11135,11439,9353182
20220826,11449,11509,11265,11274,6241922
20220829,10936,10996,10866,10886,8782291
20220830,10956,11225,10951,11210,6243611
20220831,11065,11409,11065,11349,8049051
20220901,11210,11220,11006,11030,7808910
20220902,11125,11185,10996,11040,7979761
20220905,11001,11075,10811,10836,7371349
20220906,10876,11011,10831,10876,10654807
20220907,10796,10801,10672,10752,6574370
20220908,10881,11060,10861,10991,7182119
20220913,11240,11334,11230,11284,5125061
20220914,10956,11011,10861,10906,6644296
20220915,10966,10966,10806,10831,7481225
20220916,10707,10821,10672,10697,7261296
20220919,10742,10757,10458,10473,10700640
20220920,10612,10687,10522,10557,11511133
20220921,10483,10562,10378,10453,7552281
20220922,10264,10428,10174,10408,8462496
20220923,10363,10378,10089,10099,12048015
20220926,9965,9975,9676,9681,20747530
20220927,9716,9840,9546,9840,29391668
20220928,9780,9855,9452,9512,27104864
20220929,9701,9825,9546,9581,15093581
20220930,9462,9621,9387,9497,21200014
20221004,9681,9875,9671,9855,8926023
20221005,10010,10029,9591,9601,12513224
20221006,9711,9945,9671,9905,11842521
20221007,9790,9930,9726,9726,8745640
20221011,9502,9507,9352,9362,10528317
20221012,9362,9497,9312,9472,15470035
20221013,9412,9422,9253,9263,9277829
20221014,9492,9721,9487,9691,12523345
20221017,9497,9691,9492,9676,8066150
20221018,9860,9935,9696,9915,12087177
20221019,9920,10064,9751,9756,10771525
20221020,9696,9761,9477,9536,10174815
20221021,9497,9631,9482,9507,11866957
20221024,9770,9875,9761,9830,9190729
20221025,9835,9930,9766,9840,7676817
20221026,9835,9900,9775,9780,8860690
20221027,9860,10000,9850,10000,8008664
20221028,9890,10010,9860,9860,7350877
20221031,10000,10015,9880,9995,8566232
20221101,9985,10034,9930,10020,6910560
20221102,9985,9985,9880,9950,6152538
20221103,9721,9865,9686,9800,7706532
20221104,9721,9795,9606,9790,7957057
20221107,9795,9895,9775,9885,6455241
20221108,9950,10144,9935,10124,6458487
20221109,10149,10179,10049,10089,7339075
20221110,9980,10059,9925,9945,7158167
20221111,10483,10527,10328,10518,11135275
20221114,10518,10518,10368,10383,8167286
20221115,10403,10727,10393,10707,7658555
20221116,10737,10762,10587,10662,7677146
20221117,10592,10657,10513,10537,6826501
20221118,10537,10642,10413,10413,8071544
20221121,10423,10448,10169,10189,6683922
20221122,10169,10219,10054,10069,10818506
20221123,10144,10318,10144,10308,8948229
20221124,10378,10527,10353,10483,8812802
20221125,10428,10458,10343,10353,6678647
20221128,10318,10323,10069,10099,8259496
20221129,10044,10338,10024,10298,6828569
20221130,10249,10313,10164,10283,6101847
20221201,10562,10647,10478,10513,10871945
20221202,10463,10478,10283,10283,7831146
20221205,10328,10453,10303,10348,8604692
20221206,10214,10278,10149,10149,6349923
20221207,10074,10259,10049,10099,6944932
20221208,10079,10189,10079,10109,4908941
20221209,10189,10278,10129,10219,7144737
20221212,10099,10169,10084,10089,4552867
20221213,10159,10179,10064,10119,8183963
20221214,10164,10373,10164,10348,8899849
20221215,10264,10343,10149,10164,8541418
20221216,9990,10104,9955,10034,6432799
20221219,10005,10164,10005,10049,7230427
20221220,10000,10044,9810,9850,9003000
20221221,9955,9985,9855,9900,8177675
20221222,9995,10144,9980,10144,10975795
20221223,9985,9990,9741,9741,10025624
20221226,9751,9935,9691,9925,13130192
20221227,9970,10109,9970,10069,10336320
20221228,9985,10000,9746,9780,8234774
20221229,9736,9795,9512,9601,9164674
20230102,9691,9775,9487,9526,10173540
20230103,9561,9611,9397,9571,12479512
20230104,9482,9646,9407,9631,11823206
20230105,9631,9701,9497,9517,9131019
20230106,9457,9766,9452,9716,9713386
20230109,9825,9935,9810,9895,9149775
20230110,9850,9915,9701,9701,6338292
20230111,9800,9985,9800,9930,8160933
20230112,10015,10024,9880,9975,7228508
20230113,9975,10044,9875,9925,6856333
20230116,9915,10059,9915,10000,6423803
20230117,9980,10020,9800,9800,6256968
20230118,9840,9890,9790,9850,8214712
20230119,9775,9880,9711,9870,6367588
20230120,9820,9935,9810,9905,6135606
20230125,10064,10149,10044,10129,6136451
20230126,10144,10278,10109,10259,6716586
20230127,10273,10313,10224,10259,5918649
20230130,10283,10378,10144,10149,5214623
20230131,10094,10204,10069,10184,6505285
20230201,10254,10468,10224,10408,6044810
20230202,10592,10682,10532,10647,12083905
20230203,10652,10737,10582,10692,7303057
20230206,10577,10692,10562,10572,6346387
20230207,10572,10856,10567,10796,5935795
20230208,10876,10946,10871,10941,9251843
20230209,10856,11075,10836,11070,6040179
20230210,11055,11065,10886,10916,6317973
20230213,10851,10981,10831,10916,7263124
20230214,11025,11085,10946,11055,7501934
20230215,11100,11180,10856,10861,9596095
20230216,11025,11339,11016,11324,6604205
20230217,11095,11230,11016,11065,7394002
20230220,11120,11439,11060,11409,8082864
20230221,11394,11479,11334,11479,6646597
20230222,11265,11384,11115,11160,12211331
20230223,11245,11304,11055,11225,10393537
20230224,11230,11255,11060,11100,7802401
20230227,11035,11200,10956,11170,9220636
20230228,11195,11449,11195,11374,7936784
20230302,11394,11538,11225,11225,7238944
20230303,11314,11578,11294,11548,10249166
20230306,11703,11842,11638,11822,10088825
20230307,11708,11932,11708,11807,7230210
20230308,11653,11872,11653,11822,11060978
20230309,11912,11912,11613,11713,6916373
20230310,11543,11548,11394,11444,11286793
20230313,11469,11588,10871,11573,11225675
20230314,11514,11568,11120,11120,12780308
20230315,11364,11548,11354,11514,11883434
20230316,11474,11583,11265,11504,12953306
20230317,11698,11698,11519,11698,7239051
20230320,11618,11768,11528,11723,6321603
20230321,11787,11862,11713,11728,7092973
20230322,11882,11927,11812,11912,4966275
20230323,11822,12151,11807,11917,9720274
20230324,12007,12051,11897,12041,8460683
20230327,12106,12116,11902,12081,8714980
20230328,12091,12101,11992,12101,5767527
20230329,12101,12315,12081,12295,6836021
20230330,12365,12525,12365,12460,7423015
20230331,12455,12549,12365,12539,4878881
20230403,12634,12654,12525,12614,6246618
20230404,12574,12669,12539,12639,6834283
20230405,12574,12928,12574,12918,7069404
20230406,12848,12953,12734,12838,9994362
20230407,12943,13227,12918,13222,6177100
20230410,13227,13665,13227,13615,11228438
20230411,13675,13909,13486,13834,9540264
20230412,13740,13809,13540,13545,9245063
20230413,13396,13620,13296,13550,6916849
20230414,13700,13824,13665,13735,6035810
20230417,13735,13775,13560,13755,4932216
20230418,13770,13770,13590,13750,5883719
20230419,13730,13745,13635,13635,5625109
20230420,13560,13570,13197,13232,13235036
20230421,13232,13267,12973,12973,7311083
20230424,12948,13018,12689,12719,9506325
20230425,12778,12798,12450,12549,5187381
20230426,12549,12769,12460,12525,6447433
20230427,12535,13030,12445,12980,11953532
20230428,13175,13275,12880,12975,7095435
20230502,13000,13200,12990,13135,5484000
20230503,12965,12990,12750,12765,6195784
20230504,12735,12965,12710,12860,7890400
20230508,13020,13075,12765,12790,6058872
20230509,12750,12770,12495,12620,8525474
20230510,12620,12670,12460,12500,7282394
20230511,12600,12700,12270,12300,9394144
20230512,12260,12445,12235,12275,9968770
20230515,12205,12220,12020,12195,11074714
20230516,12300,12395,12220,12320,8597858
20230517,12275,12685,12265,12640,6128655
20230518,12755,12775,12545,12580,6189082
20230519,12680,12690,12550,12650,8375563
20230522,12640,12885,12570,12880,4487320
20230523,12900,13110,12890,13025,4855148
20230524,12975,13000,12865,12945,5363734
20230525,13005,13015,12715,12775,5835714
20230526,12820,12935,12685,12735,6038337
20230530,12830,12920,12760,12920,6030459
20230531,12900,13135,12885,13065,6668347
20230601,13010,13210,13010,13175,4785935
20230602,13225,13260,13175,13240,4992616
20230605,13305,13305,13115,13210,3952135
20230607,13210,13470,13210,13455,5399462
20230608,13385,13430,13230,13285,6153127
20230609,13420,13600,13385,13525,5066566
20230612,13575,13580,13465,13560,4829939
20230613,13650,13870,13645,13795,6429415
20230614,13795,13920,13245,13265,9126163
20230615,13395,13520,13140,13345,16332095
20230616,13455,13575,13355,13570,7829126
20230619,13570,13610,13390,13610,9333229
20230620,13530,13650,13445,13485,8005942
20230621,13500,13605,13255,13255,11535425
20230622,13145,13415,13145,13335,7184160
20230623,13390,13415,13235,13290,6356992
20230626,13245,13440,13245,13380,4819998
20230627,13295,13325,13045,13185,8106914
20230628,13275,13305,13015,13020,6081566
20230629,13100,13145,12930,12985,7920109
20230630,13025,13245,12900,13190,7042800
20230703,13270,13705,13265,13690,7079587
20230704,13720,13785,13510,13640,6667379
20230705,13605,13825,13590,13740,6053039
20230706,13705,13715,13390,13410,5813595
20230707,13370,13435,13245,13390,7328220
20230710,13410,13445,13170,13240,7542455
20230711,13345,13630,13310,13600,5776892
20230712,13535,13615,13450,13580,7503102
20230713,13655,13855,13640,13730,7442710
20230714,13845,13925,13775,13880,6472147
20230717,13875,13970,13820,13915,8173740
20230718,13930,14420,13930,14360,9908260
20230719,14450,14730,14315,14715,9528804
20230720,14535,14900,14440,14855,8076954
20230721,14535,15090,14515,14985,7315589
20230724,14985,15190,14885,15150,9202585
20230725,15150,15770,15020,15625,8226584
20230726,15730,16615,14755,14995,14440819
20230727,14960,15145,14290,14410,11971975
20230728,14325,14975,14230,14930,11197422
20230731,15010,15565,15010,15455,13029455
20230801,15610,15795,15170,15415,11266124
20230802,15205,15375,14670,14710,11249267
20230803,14790,15115,14565,15115,12971388
20230804,15150,15155,14890,14930,7507592
20230807,14805,14840,14095,14350,10708892
20230808,14400,14495,14180,14330,14296870
20230809,14285,14800,14255,14665,8530739
20230810,14540,14820,14425,14710,8302927
20230811,14825,14825,14510,14580,5724811
20230814,14500,14520,14130,14305,6850823
20230816,14180,14290,13915,13930,8210948
20230817,13900,14310,13805,14250,9646935
20230818,14130,14220,13950,14060,6339240
20230821,14155,14485,14150,14350,8832579
20230822,14535,14615,14380,14525,6622627
20230823,14460,14470,14110,14200,7082290
20230824,14425,14590,14360,14550,7508315
20230825,14295,14580,14275,14525,6727569
20230828,14660,14705,14510,14645,4757732
20230829,14675,14785,14520,14685,5057831
20230830,14850,14880,14720,14760,7491724
20230831,14785,14875,14620,14780,5544093
20230901,14715,14765,14525,14555,3450350
20230904,14495,14585,14330,14465,5974607
20230905,14435,14460,14265,14380,4139811
20230906,14405,14530,14225,14235,6908711
20230907,14155,14320,13960,13995,7861274
20230908,14040,14165,13920,14155,10090264
20230911,14220,14235,13965,14075,5901298
20230912,14195,14235,13895,13925,5431399
20230913,13885,13945,13675,13680,11352419
20230914,13750,13990,13740,13945,11374016
20230915,13905,14000,13850,13935,4982313
20230918,13835,13950,13755,13845,3913268
20230919,13830,13925,13695,13750,5329908
20230920,13755,13855,13640,13840,5912928
20230921,13710,13810,13465,13505,7443322
20230922,13390,13520,13265,13505,9160841
20230925,13505,13535,13190,13190,10830718
20230926,13220,13280,13005,13010,10663495
20230927,12955,13235,12895,13210,9078082
20231004,13025,13030,12640,12655,9252635
20231005,12825,12975,12605,12605,15711256
20231006,12650,12865,12650,12800,5079604
20231010,12925,12955,12425,12425,12263051
20231011,12605,12945,12605,12830,10407126
20231012,12945,13200,12925,13190,9391214
20231013,13090,13155,12855,12945,6242594
20231016,12735,12865,12575,12820,12628650
20231017,12935,13070,12860,12930,10647572
20231018,12840,12935,12700,12730,7180979
20231019,12480,12525,12345,12385,13563027
20231020,12205,12335,12000,12130,22987290
20231023,12095,12250,12040,12090,17232920
20231024,12215,12470,11885,12455,24326802
20231025,12495,12510,12060,12060,11663976
20231026,11715,11850,11565,11600,16922438
20231027,11730,11965,11560,11740,26394628
20231030,11715,11970,11700,11875,11867602
20231031,11890,11900,11430,11450,12721086
20231101,11575,11715,11425,11455,15761516
20231102,11740,12120,11710,12065,12669084
20231103,12210,12215,11920,12135,11266023
20231106,12655,13910,12640,13910,27701440
20231107,13750,13840,12850,13230,21272880
20231108,13250,13400,12865,12875,13512282
20231109,12965,12985,12575,12755,14080977
20231110,12500,12590,12405,12485,10137472
20231113,12650,12700,12255,12290,10726610
20231114,12400,12680,12345,12635,15638813
20231115,13120,13130,12745,12840,13962345
20231116,12815,12955,12685,12795,9679964
20231117,12730,12750,12470,12540,8614657
20231120,12500,12930,12490,12850,10758152
20231121,12945,12945,12745,12870,8422059
20231122,12720,12830,12675,12780,12056802
20231123,12790,12880,12670,12855,7169778
20231124,12855,12870,12710,12730,7232798
20231127,12725,12805,12635,12675,6922996
20231128,12740,12890,12700,12830,8497935
20231129,12845,13010,12750,12980,10937302
20231130,12920,13140,12880,13140,7505830
20231201,13040,13170,12955,13110,12187870
20231204,13265,13425,13080,13115,10785094
20231205,13015,13170,12870,12910,10848669
20231206,12960,13125,12935,13085,5024702
