date,open,high,low,close,volume,ticker,code,name,interval
20181019,10100,10100,10030,10055,23,308620,308620,KODEX 미국채10년선물,D
20181022,10050,10060,9995,9995,1900,308620,308620,KODEX 미국채10년선물,D
20181023,10055,10065,10055,10065,46,308620,308620,KODEX 미국채10년선물,D
20181024,10065,10065,10035,10035,122,308620,308620,KODEX 미국채10년선물,D
20181025,10175,10175,10145,10145,99,308620,308620,KODEX 미국채10년선물,D
20181026,10145,10215,10145,10190,634,308620,308620,KODEX 미국채10년선물,D
20181029,10185,10185,10150,10150,1600,308620,308620,KODEX 미국채10년선물,D
20181030,10195,10195,10160,10160,124,308620,308620,KODEX 미국채10년선물,D
20181031,10160,10165,10145,10145,650,308620,308620,KODEX 미국채10년선물,D
20181101,10130,10130,10115,10130,190,308620,308620,KODEX 미국채10년선물,D
20181102,10045,10060,9990,9995,432,308620,308620,KODEX 미국채10년선물,D
20181105,9955,9985,9920,9975,1474,308620,308620,KODEX 미국채10년선물,D
20181106,9960,9980,9960,9980,47,308620,308620,KODEX 미국채10년선물,D
20181107,9965,9965,9915,9940,945,308620,308620,KODEX 미국채10년선물,D
20181108,9900,9900,9895,9895,347,308620,308620,KODEX 미국채10년선물,D
20181109,9925,9950,9925,9950,17,308620,308620,KODEX 미국채10년선물,D
20181112,10040,10040,10000,10030,201,308620,308620,KODEX 미국채10년선물,D
20181113,10145,10145,10070,10070,39,308620,308620,KODEX 미국채10년선물,D
20181114,10070,10100,10070,10100,141,308620,308620,KODEX 미국채10년선물,D
20181115,10070,10075,10055,10055,373,308620,308620,KODEX 미국채10년선물,D
20181116,10070,10075,10070,10075,914,308620,308620,KODEX 미국채10년선물,D
20181119,10075,10100,10035,10100,89,308620,308620,KODEX 미국채10년선물,D
20181120,10070,10105,10070,10100,27,308620,308620,KODEX 미국채10년선물,D
20181121,10115,10120,10110,10110,57,308620,308620,KODEX 미국채10년선물,D
20181122,10105,10170,10105,10170,101,308620,308620,KODEX 미국채10년선물,D
20181123,10070,10135,10070,10130,67,308620,308620,KODEX 미국채10년선물,D
20181126,10145,10145,10105,10115,198,308620,308620,KODEX 미국채10년선물,D
20181127,10115,10125,10115,10120,303,308620,308620,KODEX 미국채10년선물,D
20181128,10070,10085,10055,10085,16,308620,308620,KODEX 미국채10년선물,D
20181129,10070,10070,10060,10060,54,308620,308620,KODEX 미국채10년선물,D
20181130,10050,10050,10030,10030,12,308620,308620,KODEX 미국채10년선물,D
20181203,10025,10025,9970,9970,24,308620,308620,KODEX 미국채10년선물,D
20181204,9990,9990,9990,9990,211,308620,308620,KODEX 미국채10년선물,D
20181205,10065,10070,10065,10070,11,308620,308620,KODEX 미국채10년선물,D
20181206,10075,10140,10075,10135,122,308620,308620,KODEX 미국채10년선물,D
20181207,10135,10135,10135,10135,30,308620,308620,KODEX 미국채10년선물,D
20181210,10220,10220,10205,10205,112,308620,308620,KODEX 미국채10년선물,D
20181211,10250,10250,10225,10235,803,308620,308620,KODEX 미국채10년선물,D
20181212,10205,10215,10205,10215,1501,308620,308620,KODEX 미국채10년선물,D
20181213,10175,10175,10140,10160,475,308620,308620,KODEX 미국채10년선물,D
20181214,10160,10245,10160,10245,264,308620,308620,KODEX 미국채10년선물,D
20181217,10260,10260,10190,10245,1389,308620,308620,KODEX 미국채10년선물,D
20181218,10265,10265,10245,10265,2203,308620,308620,KODEX 미국채10년선물,D
20181219,10240,10300,10200,10300,19,308620,308620,KODEX 미국채10년선물,D
20181220,10290,10315,10275,10280,4068,308620,308620,KODEX 미국채10년선물,D
20181221,10255,10255,10220,10220,103,308620,308620,KODEX 미국채10년선물,D
20181224,10230,10245,10230,10245,536,308620,308620,KODEX 미국채10년선물,D
20181226,10290,10295,10255,10295,277756,308620,308620,KODEX 미국채10년선물,D
20181227,10205,10205,10190,10205,236,308620,308620,KODEX 미국채10년선물,D
20181228,10220,10220,10180,10185,247,308620,308620,KODEX 미국채10년선물,D
20190102,10250,10280,10250,10270,199,308620,308620,KODEX 미국채10년선물,D
20190103,10355,10395,10350,10395,103,308620,308620,KODEX 미국채10년선물,D
20190104,10430,10435,10365,10400,572,308620,308620,KODEX 미국채10년선물,D
20190107,10270,10295,10265,10295,630,308620,308620,KODEX 미국채10년선물,D
20190108,10265,10320,10260,10320,263,308620,308620,KODEX 미국채10년선물,D
20190109,10285,10285,10215,10255,1649,308620,308620,KODEX 미국채10년선물,D
20190110,10255,10290,10230,10230,1893,308620,308620,KODEX 미국채10년선물,D
20190111,10245,10250,10230,10230,230,308620,308620,KODEX 미국채10년선물,D
20190114,10270,10325,10270,10325,1040,308620,308620,KODEX 미국채10년선물,D
20190115,10270,10275,10240,10275,399,308620,308620,KODEX 미국채10년선물,D
20190116,10285,10285,10275,10275,101,308620,308620,KODEX 미국채10년선물,D
20190117,10270,10295,10250,10295,827,308620,308620,KODEX 미국채10년선물,D
20190118,10240,10260,10235,10260,143,308620,308620,KODEX 미국채10년선물,D
20190121,10255,10280,10215,10280,532,308620,308620,KODEX 미국채10년선물,D
20190122,10255,10325,10255,10325,241,308620,308620,KODEX 미국채10년선물,D
20190123,10325,10325,10260,10300,2866,308620,308620,KODEX 미국채10년선물,D
20190124,10285,10305,10280,10305,107,308620,308620,KODEX 미국채10년선물,D
20190125,10315,10315,10225,10250,150,308620,308620,KODEX 미국채10년선물,D
20190128,10225,10225,10190,10220,286,308620,308620,KODEX 미국채10년선물,D
20190129,10240,10240,10190,10205,516,308620,308620,KODEX 미국채10년선물,D
20190130,10225,10225,10185,10220,2098,308620,308620,KODEX 미국채10년선물,D
20190131,10215,10225,10170,10225,992,308620,308620,KODEX 미국채10년선물,D
20190201,10235,10315,10235,10315,359,308620,308620,KODEX 미국채10년선물,D
20190207,10300,10320,10290,10320,440,308620,308620,KODEX 미국채10년선물,D
20190208,10365,10365,10325,10340,829,308620,308620,KODEX 미국채10년선물,D
20190211,10355,10365,10325,10355,1097,308620,308620,KODEX 미국채10년선물,D
20190212,10355,10355,10280,10315,463,308620,308620,KODEX 미국채10년선물,D
20190213,10260,10295,10260,10290,746,308620,308620,KODEX 미국채10년선물,D
20190214,10310,10310,10295,10295,1229,308620,308620,KODEX 미국채10년선물,D
20190215,10325,10355,10325,10355,1121,308620,308620,KODEX 미국채10년선물,D
20190218,10370,10370,10335,10345,1039,308620,308620,KODEX 미국채10년선물,D
20190219,10320,10320,10300,10320,235,308620,308620,KODEX 미국채10년선물,D
20190220,10315,10315,10310,10315,1106,308620,308620,KODEX 미국채10년선물,D
20190221,10315,10360,10305,10335,612,308620,308620,KODEX 미국채10년선물,D
20190222,10330,10330,10315,10320,344,308620,308620,KODEX 미국채10년선물,D
20190225,10320,10320,10260,10300,3450,308620,308620,KODEX 미국채10년선물,D
20190226,10275,10295,10245,10295,199,308620,308620,KODEX 미국채10년선물,D
20190227,10275,10300,10275,10300,118,308620,308620,KODEX 미국채10년선물,D
20190228,10290,10320,10255,10320,628,308620,308620,KODEX 미국채10년선물,D
20190304,10200,10265,10200,10260,353,308620,308620,KODEX 미국채10년선물,D
20190305,10265,10295,10265,10290,171,308620,308620,KODEX 미국채10년선물,D
20190306,10310,10340,10270,10335,532,308620,308620,KODEX 미국채10년선물,D
20190307,10310,10330,10310,10330,259,308620,308620,KODEX 미국채10년선물,D
20190308,10350,10450,10350,10450,981,308620,308620,KODEX 미국채10년선물,D
20190311,10400,10440,10400,10435,153,308620,308620,KODEX 미국채10년선물,D
20190312,10425,10425,10355,10385,978,308620,308620,KODEX 미국채10년선물,D
20190313,10425,10425,10425,10425,74,308620,308620,KODEX 미국채10년선물,D
20190314,10405,10415,10405,10415,77,308620,308620,KODEX 미국채10년선물,D
20190315,10415,10475,10415,10475,1150,308620,308620,KODEX 미국채10년선물,D
20190318,10475,10475,10430,10470,131,308620,308620,KODEX 미국채10년선물,D
20190319,10395,10435,10395,10430,205,308620,308620,KODEX 미국채10년선물,D
20190320,10415,10420,10380,10410,575,308620,308620,KODEX 미국채10년선물,D
20190321,10410,10445,10410,10445,581,308620,308620,KODEX 미국채10년선물,D
20190322,10425,10470,10420,10470,1703,308620,308620,KODEX 미국채10년선물,D
20190325,10550,10590,10515,10570,7685,308620,308620,KODEX 미국채10년선물,D
20190326,10535,10570,10530,10570,114,308620,308620,KODEX 미국채10년선물,D
20190327,10590,10595,10560,10595,123,308620,308620,KODEX 미국채10년선물,D
20190328,10650,10670,10630,10650,1654,308620,308620,KODEX 미국채10년선물,D
20190329,10630,10630,10570,10595,252,308620,308620,KODEX 미국채10년선물,D
20190401,10580,10580,10515,10520,714,308620,308620,KODEX 미국채10년선물,D
20190402,10505,10560,10475,10550,875,308620,308620,KODEX 미국채10년선물,D
20190403,10555,10565,10510,10510,3563,308620,308620,KODEX 미국채10년선물,D
20190404,10510,10535,10505,10535,237,308620,308620,KODEX 미국채10년선물,D
20190405,10520,10525,10500,10520,23862,308620,308620,KODEX 미국채10년선물,D
20190408,10540,10620,10525,10620,3926,308620,308620,KODEX 미국채10년선물,D
20190409,10600,10600,10575,10585,18486,308620,308620,KODEX 미국채10년선물,D
20190410,10575,10595,10555,10570,320,308620,308620,KODEX 미국채10년선물,D
20190411,10555,10585,10555,10575,154,308620,308620,KODEX 미국채10년선물,D
20190412,10585,10585,10560,10570,1279,308620,308620,KODEX 미국채10년선물,D
20190415,10480,10490,10440,10465,3753,308620,308620,KODEX 미국채10년선물,D
20190416,10475,10485,10445,10485,893,308620,308620,KODEX 미국채10년선물,D
20190417,10485,10485,10435,10455,3470,308620,308620,KODEX 미국채10년선물,D
20190418,10435,10490,10420,10490,70581,308620,308620,KODEX 미국채10년선물,D
20190419,10550,10550,10525,10525,423,308620,308620,KODEX 미국채10년선물,D
20190422,10480,10550,10435,10540,1170,308620,308620,KODEX 미국채10년선물,D
20190423,10520,10540,10500,10530,3630,308620,308620,KODEX 미국채10년선물,D
20190424,10540,10640,10540,10640,522,308620,308620,KODEX 미국채10년선물,D
20190425,10735,10740,10695,10735,6061,308620,308620,KODEX 미국채10년선물,D
20190426,10695,10755,10695,10750,20630,308620,308620,KODEX 미국채10년선물,D
20190429,10750,10750,10720,10740,417,308620,308620,KODEX 미국채10년선물,D
20190430,10740,10840,10740,10840,2761,308620,308620,KODEX 미국채10년선물,D
20190502,10780,10795,10745,10790,5082,308620,308620,KODEX 미국채10년선물,D
20190503,10775,10815,10775,10815,1664,308620,308620,KODEX 미국채10년선물,D
20190507,10865,10880,10820,10820,1804,308620,308620,KODEX 미국채10년선물,D
20190508,10865,10885,10840,10865,1617,308620,308620,KODEX 미국채10년선물,D
20190509,10880,10960,10880,10960,280751,308620,308620,KODEX 미국채10년선물,D
20190510,10965,10975,10930,10950,9188,308620,308620,KODEX 미국채10년선물,D
20190513,10955,11040,10955,11040,7411,308620,308620,KODEX 미국채10년선물,D
20190514,11090,11095,11040,11095,16082,308620,308620,KODEX 미국채10년선물,D
20190515,11080,11115,11065,11090,3477,308620,308620,KODEX 미국채10년선물,D
20190516,11120,11145,11100,11145,1309,308620,308620,KODEX 미국채10년선물,D
20190517,11140,11170,11085,11170,9728,308620,308620,KODEX 미국채10년선물,D
20190520,11125,11165,11090,11145,5451,308620,308620,KODEX 미국채10년선물,D
20190521,11115,11130,11100,11130,7224,308620,308620,KODEX 미국채10년선물,D
20190522,11105,11140,11100,11110,9739,308620,308620,KODEX 미국채10년선물,D
20190523,11120,11150,11095,11100,2391,308620,308620,KODEX 미국채10년선물,D
20190524,11100,11140,11100,11110,3404,308620,308620,KODEX 미국채10년선물,D
20190527,11145,11175,11080,11100,10694,308620,308620,KODEX 미국채10년선물,D
20190528,11100,11140,11100,11110,1275,308620,308620,KODEX 미국채10년선물,D
20190529,11180,11265,11180,11265,6858,308620,308620,KODEX 미국채10년선물,D
20190530,11275,11275,11160,11175,13883,308620,308620,KODEX 미국채10년선물,D
20190531,11225,11285,11225,11275,37424,308620,308620,KODEX 미국채10년선물,D
20190603,11290,11295,11155,11215,96208,308620,308620,KODEX 미국채10년선물,D
20190604,11215,11440,11205,11260,24636,308620,308620,KODEX 미국채10년선물,D
20190605,11245,11245,11135,11205,1720,308620,308620,KODEX 미국채10년선물,D
20190607,11200,11225,11165,11225,8995,308620,308620,KODEX 미국채10년선물,D
20190610,11190,11250,11190,11245,2469,308620,308620,KODEX 미국채10년선물,D
20190611,11245,11245,11145,11200,3591,308620,308620,KODEX 미국채10년선물,D
20190612,11195,11235,11170,11235,1203,308620,308620,KODEX 미국채10년선물,D
20190613,11190,11290,11190,11240,3034,308620,308620,KODEX 미국채10년선물,D
20190614,11250,11280,11250,11280,1391,308620,308620,KODEX 미국채10년선물,D
20190617,11280,11295,11280,11295,4698,308620,308620,KODEX 미국채10년선물,D
20190618,11305,11305,11260,11275,1663,308620,308620,KODEX 미국채10년선물,D
20190619,11255,11255,11190,11215,4693,308620,308620,KODEX 미국채10년선물,D
20190620,11235,11235,11140,11140,3741,308620,308620,KODEX 미국채10년선물,D
20190621,11065,11125,11065,11125,7774,308620,308620,KODEX 미국채10년선물,D
20190624,11065,11065,11025,11050,3221,308620,308620,KODEX 미국채10년선물,D
20190625,11065,11085,11015,11080,3417,308620,308620,KODEX 미국채10년선물,D
20190626,11145,11145,11080,11085,7919,308620,308620,KODEX 미국채10년선물,D
20190627,11005,11055,10975,11050,3704,308620,308620,KODEX 미국채10년선물,D
20190628,11050,11080,11050,11050,970,308620,308620,KODEX 미국채10년선물,D
20190701,11010,11080,10965,11065,25087,308620,308620,KODEX 미국채10년선물,D
20190702,11230,11230,11120,11140,4274,308620,308620,KODEX 미국채10년선물,D
20190703,11170,11265,11170,11250,6048,308620,308620,KODEX 미국채10년선물,D
20190704,11230,11240,11205,11220,1153,308620,308620,KODEX 미국채10년선물,D
20190705,11200,11250,11200,11235,7645,308620,308620,KODEX 미국채10년선물,D
20190708,11235,11345,11220,11305,1524,308620,308620,KODEX 미국채10년선물,D
20190709,11275,11275,11220,11250,2700,308620,308620,KODEX 미국채10년선물,D
20190710,11250,11250,11190,11240,10027,308620,308620,KODEX 미국채10년선물,D
20190711,11230,11245,11175,11210,3283,308620,308620,KODEX 미국채10년선물,D
20190712,11185,11190,11150,11190,3205,308620,308620,KODEX 미국채10년선물,D
20190715,11225,11225,11185,11200,633,308620,308620,KODEX 미국채10년선물,D
20190716,11225,11245,11195,11205,7767,308620,308620,KODEX 미국채10년선물,D
20190717,11200,11235,11200,11235,3938,308620,308620,KODEX 미국채10년선물,D
20190718,11240,11295,11220,11240,2752,308620,308620,KODEX 미국채10년선물,D
20190719,11150,11225,11150,11220,5368,308620,308620,KODEX 미국채10년선물,D
20190722,11225,11250,11215,11240,2979,308620,308620,KODEX 미국채10년선물,D
20190723,11240,11240,11200,11235,1431,308620,308620,KODEX 미국채10년선물,D
20190724,11240,11240,11185,11230,3954,308620,308620,KODEX 미국채10년선물,D
20190725,11240,11255,11240,11255,3347,308620,308620,KODEX 미국채10년선물,D
20190726,11285,11290,11250,11285,2455,308620,308620,KODEX 미국채10년선물,D
20190729,11285,11295,11245,11275,2941,308620,308620,KODEX 미국채10년선물,D
20190730,11275,11280,11240,11275,4982,308620,308620,KODEX 미국채10년선물,D
20190731,11245,11280,11245,11270,2243,308620,308620,KODEX 미국채10년선물,D
20190801,11340,11345,11270,11315,27134,308620,308620,KODEX 미국채10년선물,D
20190802,11475,11530,11460,11530,22824,308620,308620,KODEX 미국채10년선물,D
20190805,11595,11795,11595,11795,43495,308620,308620,KODEX 미국채10년선물,D
20190806,12025,12025,11695,11800,39020,308620,308620,KODEX 미국채10년선물,D
20190807,11805,11855,11775,11840,21046,308620,308620,KODEX 미국채10년선물,D
20190808,11785,11820,11730,11750,7315,308620,308620,KODEX 미국채10년선물,D
20190809,11750,11790,11750,11750,3956,308620,308620,KODEX 미국채10년선물,D
20190812,11800,11815,11770,11815,14179,308620,308620,KODEX 미국채10년선물,D
20190813,11890,11940,11850,11940,10566,308620,308620,KODEX 미국채10년선물,D
20190814,11725,11815,11725,11805,32364,308620,308620,KODEX 미국채10년선물,D
20190816,11930,11930,11820,11870,21686,308620,308620,KODEX 미국채10년선물,D
20190819,11885,11885,11830,11850,8550,308620,308620,KODEX 미국채10년선물,D
20190820,11835,11850,11765,11795,16771,308620,308620,KODEX 미국채10년선물,D
20190821,11795,11830,11720,11725,11040,308620,308620,KODEX 미국채10년선물,D
20190822,11775,11825,11755,11825,8232,308620,308620,KODEX 미국채10년선물,D
20190823,11815,11815,11775,11795,10972,308620,308620,KODEX 미국채10년선물,D
20190826,11910,12000,11910,11980,12455,308620,308620,KODEX 미국채10년선물,D
20190827,11890,11920,11870,11890,12369,308620,308620,KODEX 미국채10년선물,D
20190828,11920,11930,11895,11910,8099,308620,308620,KODEX 미국채10년선물,D
20190829,11935,11980,11920,11975,17732,308620,308620,KODEX 미국채10년선물,D
20190830,11850,11880,11820,11865,18025,308620,308620,KODEX 미국채10년선물,D
20190902,11865,11915,11850,11850,7803,308620,308620,KODEX 미국채10년선물,D
20190903,11915,11930,11895,11915,12191,308620,308620,KODEX 미국채10년선물,D
20190904,11935,11935,11875,11885,13702,308620,308620,KODEX 미국채10년선물,D
20190905,11890,11890,11725,11775,20093,308620,308620,KODEX 미국채10년선물,D
20190906,11615,11725,11615,11700,6103,308620,308620,KODEX 미국채10년선물,D
20190909,11695,11695,11630,11635,9930,308620,308620,KODEX 미국채10년선물,D
20190910,11600,11615,11570,11600,4963,308620,308620,KODEX 미국채10년선물,D
20190911,11580,11580,11500,11500,14098,308620,308620,KODEX 미국채10년선물,D
20190916,11405,11405,11340,11360,8936,308620,308620,KODEX 미국채10년선물,D
20190917,11395,11460,11365,11460,3761,308620,308620,KODEX 미국채10년선물,D
20190918,11440,11490,11385,11485,13065,308620,308620,KODEX 미국채10년선물,D
20190919,11500,11525,11460,11510,11422,308620,308620,KODEX 미국채10년선물,D
20190920,11515,11515,11445,11480,3896,308620,308620,KODEX 미국채10년선물,D
20190923,11490,11555,11490,11540,9297,308620,308620,KODEX 미국채10년선물,D
20190924,11570,11580,11515,11575,10242,308620,308620,KODEX 미국채10년선물,D
20190925,11600,11665,11600,11665,12640,308620,308620,KODEX 미국채10년선물,D
20190926,11625,11635,11605,11610,4303,308620,308620,KODEX 미국채10년선물,D
20190927,11635,11665,11625,11635,4992,308620,308620,KODEX 미국채10년선물,D
20190930,11680,11680,11595,11600,4689,308620,308620,KODEX 미국채10년선물,D
20191001,11610,11650,11560,11620,29032,308620,308620,KODEX 미국채10년선물,D
20191002,11705,11720,11675,11720,4687,308620,308620,KODEX 미국채10년선물,D
20191004,11835,11835,11710,11715,2294,308620,308620,KODEX 미국채10년선물,D
20191007,11745,11760,11705,11760,7695,308620,308620,KODEX 미국채10년선물,D
20191008,11790,11790,11650,11660,11469,308620,308620,KODEX 미국채10년선물,D
20191010,11715,11775,11650,11710,1435,308620,308620,KODEX 미국채10년선물,D
20191011,11540,11595,11520,11535,4557,308620,308620,KODEX 미국채10년선물,D
20191014,11455,11495,11425,11485,8729,308620,308620,KODEX 미국채10년선물,D
20191015,11495,11515,11470,11510,3007,308620,308620,KODEX 미국채10년선물,D
20191016,11480,11515,11430,11485,12770,308620,308620,KODEX 미국채10년선물,D
20191017,11490,11510,11480,11510,4332,308620,308620,KODEX 미국채10년선물,D
20191018,11465,11465,11385,11435,9653,308620,308620,KODEX 미국채10년선물,D
20191021,11445,11445,11345,11345,4563,308620,308620,KODEX 미국채10년선물,D
20191022,11325,11335,11275,11290,4639,308620,308620,KODEX 미국채10년선물,D
20191023,11350,11370,11340,11355,4818,308620,308620,KODEX 미국채10년선물,D
20191024,11345,11355,11285,11355,8366,308620,308620,KODEX 미국채10년선물,D
20191025,11375,11380,11325,11355,2385,308620,308620,KODEX 미국채10년선물,D
20191028,11315,11315,11230,11290,7600,308620,308620,KODEX 미국채10년선물,D
20191029,11265,11265,11160,11170,8151,308620,308620,KODEX 미국채10년선물,D
20191030,11175,11265,11175,11260,4077,308620,308620,KODEX 미국채10년선물,D
20191031,11245,11245,11165,11210,6031,308620,308620,KODEX 미국채10년선물,D
20191101,11355,11355,11285,11315,5968,308620,308620,KODEX 미국채10년선물,D
20191104,11285,11285,11200,11225,12358,308620,308620,KODEX 미국채10년선물,D
20191105,11185,11210,11160,11170,8902,308620,308620,KODEX 미국채10년선물,D
20191106,11135,11145,11105,11130,2274,308620,308620,KODEX 미국채10년선물,D
20191107,11110,11190,11110,11175,1179,308620,308620,KODEX 미국채10년선물,D
20191108,11075,11075,11005,11070,2535,308620,308620,KODEX 미국채10년선물,D
20191111,11070,11175,11055,11175,6902,308620,308620,KODEX 미국채10년선물,D
20191112,11160,11160,11095,11095,1169,308620,308620,KODEX 미국채10년선물,D
20191113,11145,11195,11135,11185,3166,308620,308620,KODEX 미국채10년선물,D
20191114,11230,11235,11205,11235,811,308620,308620,KODEX 미국채10년선물,D
20191115,11250,11250,11175,11220,863,308620,308620,KODEX 미국채10년선물,D
20191118,11200,11230,11170,11200,53538,308620,308620,KODEX 미국채10년선물,D
20191119,11195,11260,11195,11250,3344,308620,308620,KODEX 미국채10년선물,D
20191120,11275,11325,11275,11315,2515,308620,308620,KODEX 미국채10년선물,D
20191121,11355,11410,11325,11400,4258,308620,308620,KODEX 미국채10년선물,D
20191122,11340,11365,11330,11345,1252,308620,308620,KODEX 미국채10년선물,D
20191125,11345,11360,11320,11340,52472,308620,308620,KODEX 미국채10년선물,D
20191126,11340,11355,11275,11355,1828,308620,308620,KODEX 미국채10년선물,D
20191127,11345,11375,11325,11375,1836,308620,308620,KODEX 미국채10년선물,D
20191128,11345,11380,11345,11375,2880,308620,308620,KODEX 미국채10년선물,D
20191129,11365,11405,11335,11395,13332,308620,308620,KODEX 미국채10년선물,D
20191202,11390,11390,11295,11375,8579,308620,308620,KODEX 미국채10년선물,D
20191203,11410,11410,11365,11390,1888,308620,308620,KODEX 미국채10년선물,D
20191204,11455,11550,11455,11550,6035,308620,308620,KODEX 미국채10년선물,D
20191205,11525,11525,11425,11450,1321,308620,308620,KODEX 미국채10년선물,D
20191206,11435,11470,11395,11445,12381,308620,308620,KODEX 미국채10년선물,D
20191209,11440,11440,11380,11420,4609,308620,308620,KODEX 미국채10년선물,D
20191210,11420,11475,11410,11450,4396,308620,308620,KODEX 미국채10년선물,D
20191211,11400,11460,11400,11450,2182,308620,308620,KODEX 미국채10년선물,D
20191212,11440,11465,11400,11415,3254,308620,308620,KODEX 미국채10년선물,D
20191213,11310,11310,11145,11155,6123,308620,308620,KODEX 미국채10년선물,D
20191216,11250,11300,11210,11250,3545,308620,308620,KODEX 미국채10년선물,D
20191217,11150,11195,11140,11150,3466,308620,308620,KODEX 미국채10년선물,D
20191218,11105,11160,11105,11155,2261,308620,308620,KODEX 미국채10년선물,D
20191219,11185,11185,11105,11115,1917,308620,308620,KODEX 미국채10년선물,D
20191220,11120,11120,11045,11080,4150,308620,308620,KODEX 미국채10년선물,D
20191223,11085,11125,11050,11125,4435,308620,308620,KODEX 미국채10년선물,D
20191224,11125,11125,11075,11115,7992,308620,308620,KODEX 미국채10년선물,D
20191226,11100,11105,11060,11095,4154,308620,308620,KODEX 미국채10년선물,D
20191227,11090,11110,11065,11080,12010,308620,308620,KODEX 미국채10년선물,D
20191230,11140,11145,11055,11110,7559,308620,308620,KODEX 미국채10년선물,D
20200102,11060,11075,11025,11075,9544,308620,308620,KODEX 미국채10년선물,D
20200103,11085,11240,11080,11210,5675,308620,308620,KODEX 미국채10년선물,D
20200106,11295,11320,11250,11310,6345,308620,308620,KODEX 미국채10년선물,D
20200107,11285,11285,11195,11215,8179,308620,308620,KODEX 미국채10년선물,D
20200108,11240,11430,11240,11305,10544,308620,308620,KODEX 미국채10년선물,D
20200109,11255,11255,11080,11095,9418,308620,308620,KODEX 미국채10년선물,D
20200110,11105,11165,11105,11145,2711,308620,308620,KODEX 미국채10년선물,D
20200113,11160,11160,11080,11115,7179,308620,308620,KODEX 미국채10년선물,D
20200114,11070,11100,11030,11100,3370,308620,308620,KODEX 미국채10년선물,D
20200115,11185,11185,11130,11135,2918,308620,308620,KODEX 미국채10년선물,D
20200116,11155,11175,11140,11170,2607,308620,308620,KODEX 미국채10년선물,D
20200117,11170,11170,11120,11150,5339,308620,308620,KODEX 미국채10년선물,D
20200120,11155,11160,11100,11110,5161,308620,308620,KODEX 미국채10년선물,D
20200121,11155,11250,11150,11250,2057,308620,308620,KODEX 미국채10년선물,D
20200122,11250,11250,11200,11200,2329,308620,308620,KODEX 미국채10년선물,D
20200123,11200,11290,11200,11275,7879,308620,308620,KODEX 미국채10년선물,D
20200128,11490,11490,11425,11460,22842,308620,308620,KODEX 미국채10년선물,D
20200129,11475,11475,11390,11445,8953,308620,308620,KODEX 미국채10년선물,D
20200130,11475,11650,11475,11630,8087,308620,308620,KODEX 미국채10년선물,D
20200131,11585,11635,11535,11635,55693,308620,308620,KODEX 미국채10년선물,D
20200203,11660,11800,11660,11715,32666,308620,308620,KODEX 미국채10년선물,D
20200204,11700,11700,11570,11575,23771,308620,308620,KODEX 미국채10년선물,D
20200205,11550,11550,11425,11545,7743,308620,308620,KODEX 미국채10년선물,D
20200206,11505,11530,11420,11440,12693,308620,308620,KODEX 미국채10년선물,D
20200207,11485,11575,11485,11550,7441,308620,308620,KODEX 미국채10년선물,D
20200210,11660,11665,11575,11585,11937,308620,308620,KODEX 미국채10년선물,D
20200211,11585,11595,11520,11520,13814,308620,308620,KODEX 미국채10년선물,D
20200212,11515,11530,11450,11465,8121,308620,308620,KODEX 미국채10년선물,D
20200213,11465,11540,11465,11540,3581,308620,308620,KODEX 미국채10년선물,D
20200214,11535,11545,11510,11525,6844,308620,308620,KODEX 미국채10년선물,D
20200217,11530,11545,11500,11545,7210,308620,308620,KODEX 미국채10년선물,D
20200218,11570,11640,11570,11610,9126,308620,308620,KODEX 미국채10년선물,D
20200219,11625,11675,11620,11645,5187,308620,308620,KODEX 미국채10년선물,D
20200220,11625,11735,11610,11705,18427,308620,308620,KODEX 미국채10년선물,D
20200221,11805,11940,11755,11920,12334,308620,308620,KODEX 미국채10년선물,D
20200224,11965,12075,11930,12020,38273,308620,308620,KODEX 미국채10년선물,D
20200225,12050,12065,11940,12010,23747,308620,308620,KODEX 미국채10년선물,D
20200226,12010,12085,11990,12045,19977,308620,308620,KODEX 미국채10년선물,D
20200227,12035,12100,11985,12095,21062,308620,308620,KODEX 미국채10년선물,D
20200228,12065,12140,12060,12110,56554,308620,308620,KODEX 미국채10년선물,D
20200302,12145,12205,12005,12035,62522,308620,308620,KODEX 미국채10년선물,D
20200303,11905,12020,11900,12010,30702,308620,308620,KODEX 미국채10년선물,D
20200304,12070,12070,12005,12055,15188,308620,308620,KODEX 미국채10년선물,D
20200305,11990,12025,11950,11975,13674,308620,308620,KODEX 미국채10년선물,D
20200306,12040,12210,12040,12185,19198,308620,308620,KODEX 미국채10년선물,D
20200309,12375,12550,12375,12535,56616,308620,308620,KODEX 미국채10년선물,D
20200310,12500,12500,12205,12235,29415,308620,308620,KODEX 미국채10년선물,D
20200311,12205,12345,12145,12305,38029,308620,308620,KODEX 미국채10년선물,D
20200312,12195,12415,12195,12410,89359,308620,308620,KODEX 미국채10년선물,D
20200313,12535,12625,12470,12505,73543,308620,308620,KODEX 미국채10년선물,D
20200316,12650,12650,12495,12600,20794,308620,308620,KODEX 미국채10년선물,D
20200317,12665,12710,12575,12700,16408,308620,308620,KODEX 미국채10년선물,D
20200318,12465,12565,12295,12565,11070,308620,308620,KODEX 미국채10년선물,D
20200319,12570,12895,12515,12840,34431,308620,308620,KODEX 미국채10년선물,D
20200320,12665,12745,12530,12580,23246,308620,308620,KODEX 미국채10년선물,D
20200323,13095,13245,12945,12965,41246,308620,308620,KODEX 미국채10년선물,D
20200324,13010,13010,12805,12810,15072,308620,308620,KODEX 미국채10년선물,D
20200325,12685,12685,12530,12585,25213,308620,308620,KODEX 미국채10년선물,D
20200326,12535,12650,12535,12650,14796,308620,308620,KODEX 미국채10년선물,D
20200327,12490,12490,12360,12425,17566,308620,308620,KODEX 미국채10년선물,D
20200330,12530,12685,12530,12655,13409,308620,308620,KODEX 미국채10년선물,D
20200331,12565,12640,12565,12585,5985,308620,308620,KODEX 미국채10년선물,D
20200401,12630,12780,12590,12765,30384,308620,308620,KODEX 미국채10년선물,D
20200402,12785,12890,12740,12740,23249,308620,308620,KODEX 미국채10년선물,D
20200403,12685,12795,12685,12780,10412,308620,308620,KODEX 미국채10년선물,D
20200406,12805,12855,12675,12710,28526,308620,308620,KODEX 미국채10년선물,D
20200407,12635,12640,12520,12560,9478,308620,308620,KODEX 미국채10년선물,D
20200408,12550,12590,12515,12570,11656,308620,308620,KODEX 미국채10년선물,D
20200409,12480,12560,12440,12540,9693,308620,308620,KODEX 미국채10년선물,D
20200410,12495,12575,12390,12490,10677,308620,308620,KODEX 미국채10년선물,D
20200413,12445,12560,12395,12530,5872,308620,308620,KODEX 미국채10년선물,D
20200414,12530,12540,12475,12530,5195,308620,308620,KODEX 미국채10년선물,D
20200416,12665,12730,12665,12730,10980,308620,308620,KODEX 미국채10년선물,D
20200417,12655,12655,12565,12585,16211,308620,308620,KODEX 미국채10년선물,D
20200420,12645,12660,12590,12645,14158,308620,308620,KODEX 미국채10년선물,D
20200421,12645,12860,12645,12760,30771,308620,308620,KODEX 미국채10년선물,D
20200422,12860,12865,12800,12800,18288,308620,308620,KODEX 미국채10년선물,D
20200423,12775,12815,12725,12730,8486,308620,308620,KODEX 미국채10년선물,D
20200424,12740,12825,12740,12815,7517,308620,308620,KODEX 미국채10년선물,D
20200427,12770,12780,12665,12690,25291,308620,308620,KODEX 미국채10년선물,D
20200428,12620,12685,12620,12660,9886,308620,308620,KODEX 미국채10년선물,D
20200429,12685,12685,12595,12640,21024,308620,308620,KODEX 미국채10년선물,D
20200504,12715,12760,12705,12745,10800,308620,308620,KODEX 미국채10년선물,D
20200506,12660,12670,12615,12630,6665,308620,308620,KODEX 미국채10년선물,D
20200507,12645,12695,12630,12635,6826,308620,308620,KODEX 미국채10년선물,D
20200508,12635,12645,12590,12645,5121,308620,308620,KODEX 미국채10년선물,D
20200511,12640,12640,12550,12625,15932,308620,308620,KODEX 미국채10년선물,D
20200512,12620,12700,12620,12675,7200,308620,308620,KODEX 미국채10년선물,D
20200513,12705,12740,12675,12685,5068,308620,308620,KODEX 미국채10년선물,D
20200514,12725,12750,12680,12750,6921,308620,308620,KODEX 미국채10년선물,D
20200515,12755,12780,12730,12770,8440,308620,308620,KODEX 미국채10년선물,D
20200518,12770,12810,12755,12790,20657,308620,308620,KODEX 미국채10년선물,D
20200519,12655,12700,12620,12660,10980,308620,308620,KODEX 미국채10년선물,D
20200520,12710,12735,12670,12730,5996,308620,308620,KODEX 미국채10년선물,D
20200521,12725,12780,12690,12750,4815,308620,308620,KODEX 미국채10년선물,D
20200522,12790,12845,12770,12830,16227,308620,308620,KODEX 미국채10년선물,D
20200525,12840,12875,12825,12875,8634,308620,308620,KODEX 미국채10년선물,D
20200526,12905,12905,12795,12800,10378,308620,308620,KODEX 미국채10년선물,D
20200527,12790,12790,12730,12780,5105,308620,308620,KODEX 미국채10년선물,D
20200528,12760,12855,12760,12830,16206,308620,308620,KODEX 미국채10년선물,D
20200529,12835,12840,12790,12825,6560,308620,308620,KODEX 미국채10년선물,D
20200601,12820,12865,12700,12710,30290,308620,308620,KODEX 미국채10년선물,D
20200602,12685,12715,12660,12700,10749,308620,308620,KODEX 미국채10년선물,D
20200603,12665,12665,12545,12595,21171,308620,308620,KODEX 미국채10년선물,D
20200604,12595,12595,12535,12560,12758,308620,308620,KODEX 미국채10년선물,D
20200605,12515,12520,12380,12400,11251,308620,308620,KODEX 미국채10년선물,D
20200608,12300,12330,12250,12330,31293,308620,308620,KODEX 미국채10년선물,D
20200609,12280,12310,12250,12290,12204,308620,308620,KODEX 미국채10년선물,D
20200610,12300,12325,12220,12235,8078,308620,308620,KODEX 미국채10년선물,D
20200611,12305,12385,12290,12375,11852,308620,308620,KODEX 미국채10년선물,D
20200612,12555,12555,12460,12485,23435,308620,308620,KODEX 미국채10년선물,D
20200615,12490,12625,12490,12625,27732,308620,308620,KODEX 미국채10년선물,D
20200616,12465,12480,12405,12470,17936,308620,308620,KODEX 미국채10년선물,D
20200617,12460,12595,12460,12545,5594,308620,308620,KODEX 미국채10년선물,D
20200618,12555,12600,12485,12485,12362,308620,308620,KODEX 미국채10년선물,D
20200619,12495,12550,12495,12525,6004,308620,308620,KODEX 미국채10년선물,D
20200622,12580,12580,12525,12560,7323,308620,308620,KODEX 미국채10년선물,D
20200623,12525,12590,12465,12500,4493,308620,308620,KODEX 미국채10년선물,D
20200624,12500,12500,12405,12415,15314,308620,308620,KODEX 미국채10년선물,D
20200625,12515,12515,12460,12490,8829,308620,308620,KODEX 미국채10년선물,D
20200626,12460,12460,12400,12450,5584,308620,308620,KODEX 미국채10년선물,D
20200629,12480,12525,12440,12445,17603,308620,308620,KODEX 미국채10년선물,D
20200630,12505,12505,12420,12505,12255,308620,308620,KODEX 미국채10년선물,D
20200701,12445,12500,12425,12495,4485,308620,308620,KODEX 미국채10년선물,D
20200702,12475,12485,12425,12450,4043,308620,308620,KODEX 미국채10년선물,D
20200703,12465,12475,12445,12450,3677,308620,308620,KODEX 미국채10년선물,D
20200706,12470,12470,12390,12400,5374,308620,308620,KODEX 미국채10년선물,D
20200707,12380,12405,12325,12405,12513,308620,308620,KODEX 미국채10년선물,D
20200708,12405,12440,12380,12410,9523,308620,308620,KODEX 미국채10년선물,D
20200709,12345,12425,12345,12425,12157,308620,308620,KODEX 미국채10년선물,D
20200710,12425,12540,12425,12540,9731,308620,308620,KODEX 미국채10년선물,D
20200713,12525,12525,12445,12475,14451,308620,308620,KODEX 미국채10년선물,D
20200714,12515,12555,12510,12535,9538,308620,308620,KODEX 미국채10년선물,D
20200715,12485,12525,12450,12485,9172,308620,308620,KODEX 미국채10년선물,D
20200716,12495,12550,12470,12535,5428,308620,308620,KODEX 미국채10년선물,D
20200717,12550,12560,12505,12535,3489,308620,308620,KODEX 미국채10년선물,D
20200720,12535,12540,12485,12505,11426,308620,308620,KODEX 미국채10년선물,D
20200721,12440,12475,12440,12460,11837,308620,308620,KODEX 미국채10년선물,D
20200722,12450,12450,12400,12445,7242,308620,308620,KODEX 미국채10년선물,D
20200723,12465,12490,12420,12475,7669,308620,308620,KODEX 미국채10년선물,D
20200724,12515,12540,12490,12520,11409,308620,308620,KODEX 미국채10년선물,D
20200727,12500,12500,12440,12465,8239,308620,308620,KODEX 미국채10년선물,D
20200728,12430,12475,12380,12455,7849,308620,308620,KODEX 미국채10년선물,D
20200729,12460,12480,12420,12425,14598,308620,308620,KODEX 미국채10년선물,D
20200730,12420,12465,12370,12460,42531,308620,308620,KODEX 미국채10년선물,D
20200731,12415,12455,12410,12435,13627,308620,308620,KODEX 미국채10년선물,D
20200803,12435,12500,12435,12475,23056,308620,308620,KODEX 미국채10년선물,D
20200804,12430,12475,12425,12465,11996,308620,308620,KODEX 미국채10년선물,D
20200805,12475,12490,12440,12445,8391,308620,308620,KODEX 미국채10년선물,D
20200806,12425,12425,12340,12375,8907,308620,308620,KODEX 미국채10년선물,D
20200807,12360,12450,12360,12380,12199,308620,308620,KODEX 미국채10년선물,D
20200810,12420,12420,12355,12395,18804,308620,308620,KODEX 미국채10년선물,D
20200811,12415,12420,12335,12385,8081,308620,308620,KODEX 미국채10년선물,D
20200812,12375,12375,12310,12325,21451,308620,308620,KODEX 미국채10년선물,D
20200813,12315,12330,12260,12325,6910,308620,308620,KODEX 미국채10년선물,D
20200814,12300,12330,12300,12300,3165,308620,308620,KODEX 미국채10년선물,D
20200818,12300,12345,12295,12340,9189,308620,308620,KODEX 미국채10년선물,D
20200819,12335,12335,12290,12310,4448,308620,308620,KODEX 미국채10년선물,D
20200820,12335,12375,12300,12365,8703,308620,308620,KODEX 미국채10년선물,D
20200821,12355,12355,12305,12340,4798,308620,308620,KODEX 미국채10년선물,D
20200824,12410,12415,12375,12395,8748,308620,308620,KODEX 미국채10년선물,D
20200825,12395,12395,12310,12310,9834,308620,308620,KODEX 미국채10년선물,D
20200826,12345,12350,12305,12315,5959,308620,308620,KODEX 미국채10년선물,D
20200827,12295,12345,12295,12330,11846,308620,308620,KODEX 미국채10년선물,D
20200828,12265,12285,12255,12275,5165,308620,308620,KODEX 미국채10년선물,D
20200831,12250,12325,12240,12325,13457,308620,308620,KODEX 미국채10년선물,D
20200901,12340,12340,12275,12305,34362,308620,308620,KODEX 미국채10년선물,D
20200902,12360,12360,12320,12350,19647,308620,308620,KODEX 미국채10년선물,D
20200903,12350,12395,12350,12390,21449,308620,308620,KODEX 미국채10년선물,D
20200904,12410,12445,12405,12415,28005,308620,308620,KODEX 미국채10년선물,D
20200907,12325,12375,12315,12340,13683,308620,308620,KODEX 미국채10년선물,D
20200908,12380,12380,12325,12335,6869,308620,308620,KODEX 미국채10년선물,D
20200909,12365,12415,12365,12400,10256,308620,308620,KODEX 미국채10년선물,D
20200910,12355,12355,12310,12330,3129,308620,308620,KODEX 미국채10년선물,D
20200911,12330,12385,12330,12360,4869,308620,308620,KODEX 미국채10년선물,D
20200914,12360,12390,12315,12350,18167,308620,308620,KODEX 미국채10년선물,D
20200915,12340,12340,12290,12290,3947,308620,308620,KODEX 미국채10년선물,D
20200916,12320,12320,12245,12265,5669,308620,308620,KODEX 미국채10년선물,D
20200917,12280,12290,12225,12260,13766,308620,308620,KODEX 미국채10년선물,D
20200918,12245,12245,12100,12105,10455,308620,308620,KODEX 미국채10년선물,D
20200921,12115,12165,12075,12100,9512,308620,308620,KODEX 미국채10년선물,D
20200922,12115,12185,12115,12185,5238,308620,308620,KODEX 미국채10년선물,D
20200923,12175,12185,12120,12175,22924,308620,308620,KODEX 미국채10년선물,D
20200924,12190,12250,12190,12250,7267,308620,308620,KODEX 미국채10년선물,D
20200925,12225,12245,12185,12245,5440,308620,308620,KODEX 미국채10년선물,D
20200928,12245,12270,12235,12260,7825,308620,308620,KODEX 미국채10년선물,D
20200929,12255,12255,12195,12220,9015,308620,308620,KODEX 미국채10년선물,D
20201005,12190,12190,12095,12140,8758,308620,308620,KODEX 미국채10년선물,D
20201006,12090,12090,12030,12080,14335,308620,308620,KODEX 미국채10년선물,D
20201007,12075,12140,12040,12060,6126,308620,308620,KODEX 미국채10년선물,D
20201008,12055,12055,11990,11995,7355,308620,308620,KODEX 미국채10년선물,D
20201012,11975,11975,11935,11940,13141,308620,308620,KODEX 미국채10년선물,D
20201013,11925,11995,11925,11945,4202,308620,308620,KODEX 미국채10년선물,D
20201014,11975,11995,11910,11975,8614,308620,308620,KODEX 미국채10년선물,D
20201015,11975,11980,11930,11950,14898,308620,308620,KODEX 미국채10년선물,D
20201016,11915,11985,11915,11985,20668,308620,308620,KODEX 미국채10년선물,D
20201019,11965,11965,11870,11900,5744,308620,308620,KODEX 미국채10년선물,D
20201020,11905,11905,11840,11875,4685,308620,308620,KODEX 미국채10년선물,D
20201021,11875,11875,11740,11755,5804,308620,308620,KODEX 미국채10년선물,D
20201022,11810,11830,11780,11805,5610,308620,308620,KODEX 미국채10년선물,D
20201023,11820,11820,11760,11780,6734,308620,308620,KODEX 미국채10년선물,D
20201026,11780,11780,11720,11740,5818,308620,308620,KODEX 미국채10년선물,D
20201027,11725,11800,11725,11740,4912,308620,308620,KODEX 미국채10년선물,D
20201028,11815,11820,11765,11820,4173,308620,308620,KODEX 미국채10년선물,D
20201029,11840,11840,11775,11775,13066,308620,308620,KODEX 미국채10년선물,D
20201030,11800,11835,11715,11835,19565,308620,308620,KODEX 미국채10년선물,D
20201102,11820,11825,11765,11800,9988,308620,308620,KODEX 미국채10년선물,D
20201103,11790,11815,11755,11780,3823,308620,308620,KODEX 미국채10년선물,D
20201104,11720,11920,11650,11850,14819,308620,308620,KODEX 미국채10년선물,D
20201105,11800,11840,11765,11790,13675,308620,308620,KODEX 미국채10년선물,D
20201106,12045,12045,11715,11715,7020,308620,308620,KODEX 미국채10년선물,D
20201109,11705,11705,11610,11630,34086,308620,308620,KODEX 미국채10년선물,D
20201110,11640,11640,11570,11590,30901,308620,308620,KODEX 미국채10년선물,D
20201111,11540,11560,11480,11500,7883,308620,308620,KODEX 미국채10년선물,D
20201112,11545,11595,11525,11570,4995,308620,308620,KODEX 미국채10년선물,D
20201113,11605,11640,11580,11635,3024,308620,308620,KODEX 미국채10년선물,D
20201116,11630,11630,11510,11545,21028,308620,308620,KODEX 미국채10년선물,D
20201117,11545,11570,11500,11525,8195,308620,308620,KODEX 미국채10년선물,D
20201118,11520,11565,11520,11525,6589,308620,308620,KODEX 미국채10년선물,D
20201119,11510,11660,11510,11660,3719,308620,308620,KODEX 미국채10년선물,D
20201120,11685,11685,11620,11640,2622,308620,308620,KODEX 미국채10년선물,D
20201123,11640,11655,11570,11570,6920,308620,308620,KODEX 미국채10년선물,D
20201124,11570,11600,11555,11595,5876,308620,308620,KODEX 미국채10년선물,D
20201125,11590,11590,11510,11550,7180,308620,308620,KODEX 미국채10년선물,D
20201126,11585,11585,11520,11520,9619,308620,308620,KODEX 미국채10년선물,D
20201127,11545,11565,11520,11540,8463,308620,308620,KODEX 미국채10년선물,D
20201130,11505,11580,11505,11580,15673,308620,308620,KODEX 미국채10년선물,D
20201201,11575,11590,11555,11555,10237,308620,308620,KODEX 미국채10년선물,D
20201202,11555,11555,11455,11465,18983,308620,308620,KODEX 미국채10년선물,D
20201203,11460,11485,11395,11415,13466,308620,308620,KODEX 미국채10년선물,D
20201204,11445,11445,11295,11295,9545,308620,308620,KODEX 미국채10년선물,D
20201207,11330,11340,11295,11305,5655,308620,308620,KODEX 미국채10년선물,D
20201208,11310,11360,11310,11345,6227,308620,308620,KODEX 미국채10년선물,D
20201209,11345,11360,11300,11330,3866,308620,308620,KODEX 미국채10년선물,D
20201210,11360,11400,11345,11390,5981,308620,308620,KODEX 미국채10년선물,D
20201211,11380,11455,11360,11420,6418,308620,308620,KODEX 미국채10년선물,D
20201214,11445,11445,11400,11440,5393,308620,308620,KODEX 미국채10년선물,D
20201215,11445,11485,11405,11455,5263,308620,308620,KODEX 미국채10년선물,D
20201216,11445,11460,11380,11460,3063,308620,308620,KODEX 미국채10년선물,D
20201217,11460,11460,11405,11435,4469,308620,308620,KODEX 미국채10년선물,D
20201218,11445,11505,11435,11500,4262,308620,308620,KODEX 미국채10년선물,D
20201221,11505,11525,11460,11520,3491,308620,308620,KODEX 미국채10년선물,D
20201222,11535,11580,11520,11570,6435,308620,308620,KODEX 미국채10년선물,D
20201223,11525,11595,11525,11580,9444,308620,308620,KODEX 미국채10년선물,D
20201224,11565,11565,11480,11495,12374,308620,308620,KODEX 미국채10년선물,D
20201228,11585,11585,11410,11440,13402,308620,308620,KODEX 미국채10년선물,D
20201229,11445,11475,11400,11410,11234,308620,308620,KODEX 미국채10년선물,D
20201230,11445,11445,11360,11370,8380,308620,308620,KODEX 미국채10년선물,D
20210104,11370,11370,11295,11335,20354,308620,308620,KODEX 미국채10년선물,D
20210105,11370,11415,11360,11415,14517,308620,308620,KODEX 미국채10년선물,D
20210106,11380,11385,11330,11335,18620,308620,308620,KODEX 미국채10년선물,D
20210107,11365,11365,11315,11340,11049,308620,308620,KODEX 미국채10년선물,D
20210108,11365,11405,11325,11330,13106,308620,308620,KODEX 미국채10년선물,D
20210111,11300,11400,11300,11380,19654,308620,308620,KODEX 미국채10년선물,D
20210112,11380,11380,11320,11335,11687,308620,308620,KODEX 미국채10년선물,D
20210113,11335,11335,11300,11315,6910,308620,308620,KODEX 미국채10년선물,D
20210114,11340,11410,11340,11380,8663,308620,308620,KODEX 미국채10년선물,D
20210115,11355,11390,11310,11390,13992,308620,308620,KODEX 미국채10년선물,D
20210118,11385,11475,11385,11450,25871,308620,308620,KODEX 미국채10년선물,D
20210119,11450,11450,11390,11420,10548,308620,308620,KODEX 미국채10년선물,D
20210120,11445,11445,11375,11400,8762,308620,308620,KODEX 미국채10년선물,D
20210121,11360,11425,11355,11405,59907,308620,308620,KODEX 미국채10년선물,D
20210122,11405,11445,11380,11440,8316,308620,308620,KODEX 미국채10년선물,D
20210125,11460,11460,11415,11420,8473,308620,308620,KODEX 미국채10년선물,D
20210126,11435,11500,11435,11500,15965,308620,308620,KODEX 미국채10년선물,D
20210127,11500,11500,11435,11485,33184,308620,308620,KODEX 미국채10년선물,D
20210128,11720,11720,11550,11650,19495,308620,308620,KODEX 미국채10년선물,D
20210129,11640,11640,11535,11595,10686,308620,308620,KODEX 미국채10년선물,D
20210201,11595,11605,11545,11560,26069,308620,308620,KODEX 미국채10년선물,D
20210202,11580,11600,11525,11580,10715,308620,308620,KODEX 미국채10년선물,D
20210203,11575,11575,11495,11515,21133,308620,308620,KODEX 미국채10년선물,D
20210204,11535,11565,11485,11555,7475,308620,308620,KODEX 미국채10년선물,D
20210205,11575,11655,11555,11615,14252,308620,308620,KODEX 미국채10년선물,D
20210208,11595,11595,11505,11530,13331,308620,308620,KODEX 미국채10년선물,D
20210209,11485,11530,11480,11515,6799,308620,308620,KODEX 미국채10년선물,D
20210210,11500,11500,11415,11430,10995,308620,308620,KODEX 미국채10년선물,D
20210215,11450,11450,11360,11380,21166,308620,308620,KODEX 미국채10년선물,D
20210216,11380,11380,11310,11350,14233,308620,308620,KODEX 미국채10년선물,D
20210217,11350,11400,11340,11370,12488,308620,308620,KODEX 미국채10년선물,D
20210218,11350,11385,11330,11375,7946,308620,308620,KODEX 미국채10년선물,D
20210219,11380,11395,11330,11335,9673,308620,308620,KODEX 미국채10년선물,D
20210222,11350,11350,11270,11340,19806,308620,308620,KODEX 미국채10년선물,D
20210223,11315,11370,11310,11325,16824,308620,308620,KODEX 미국채10년선물,D
20210224,11330,11390,11330,11390,13570,308620,308620,KODEX 미국채10년선물,D
20210225,11230,11340,11230,11295,17135,308620,308620,KODEX 미국채10년선물,D
20210226,11270,11380,11260,11350,14505,308620,308620,KODEX 미국채10년선물,D
20210302,11315,11405,11290,11375,14859,308620,308620,KODEX 미국채10년선물,D
20210303,11400,11410,11365,11370,6049,308620,308620,KODEX 미국채10년선물,D
20210304,11330,11390,11330,11350,10182,308620,308620,KODEX 미국채10년선물,D
20210305,11350,11370,11280,11295,12554,308620,308620,KODEX 미국채10년선물,D
20210308,11295,11350,11270,11345,15856,308620,308620,KODEX 미국채10년선물,D
20210309,11345,11420,11345,11410,17738,308620,308620,KODEX 미국채10년선물,D
20210310,11405,11460,11370,11440,8452,308620,308620,KODEX 미국채10년선물,D
20210311,11440,11440,11355,11360,5363,308620,308620,KODEX 미국채10년선물,D
20210312,11360,11385,11305,11345,15622,308620,308620,KODEX 미국채10년선물,D
20210315,11390,11390,11320,11345,5425,308620,308620,KODEX 미국채10년선물,D
20210316,11355,11355,11295,11310,4573,308620,308620,KODEX 미국채10년선물,D
20210317,11270,11330,11270,11300,5256,308620,308620,KODEX 미국채10년선물,D
20210318,11275,11275,11205,11230,4578,308620,308620,KODEX 미국채10년선물,D
20210319,11230,11295,11225,11285,4692,308620,308620,KODEX 미국채10년선물,D
20210322,11235,11285,11235,11260,5270,308620,308620,KODEX 미국채10년선물,D
20210323,11235,11260,11200,11255,6783,308620,308620,KODEX 미국채10년선물,D
20210324,11300,11365,11300,11355,8895,308620,308620,KODEX 미국채10년선물,D
20210325,11355,11365,11320,11340,8087,308620,308620,KODEX 미국채10년선물,D
20210326,11340,11350,11290,11300,3787,308620,308620,KODEX 미국채10년선물,D
20210329,11295,11315,11250,11315,6140,308620,308620,KODEX 미국채10년선물,D
20210330,11295,11295,11245,11245,4952,308620,308620,KODEX 미국채10년선물,D
20210331,11245,11280,11235,11250,2243,308620,308620,KODEX 미국채10년선물,D
20210401,11235,11235,11155,11225,8123,308620,308620,KODEX 미국채10년선물,D
20210402,11250,11255,11200,11230,14552,308620,308620,KODEX 미국채10년선물,D
20210405,11230,11235,11175,11200,6141,308620,308620,KODEX 미국채10년선물,D
20210406,11205,11240,11115,11115,9742,308620,308620,KODEX 미국채10년선물,D
20210407,11205,11205,11130,11140,5153,308620,308620,KODEX 미국채10년선물,D
20210408,11130,11190,11130,11155,4333,308620,308620,KODEX 미국채10년선물,D
20210409,11225,11225,11130,11200,10276,308620,308620,KODEX 미국채10년선물,D
20210412,11200,11255,11170,11240,4776,308620,308620,KODEX 미국채10년선물,D
20210413,11250,11250,11210,11210,3120,308620,308620,KODEX 미국채10년선물,D
20210414,11260,11260,11160,11175,6082,308620,308620,KODEX 미국채10년선물,D
20210415,11230,11230,11170,11200,2337,308620,308620,KODEX 미국채10년선물,D
20210416,11250,11260,11170,11195,16148,308620,308620,KODEX 미국채10년선물,D
20210419,11250,11250,11200,11240,7868,308620,308620,KODEX 미국채10년선물,D
20210420,11220,11220,11145,11160,39487,308620,308620,KODEX 미국채10년선물,D
20210421,11170,11260,11170,11260,14381,308620,308620,KODEX 미국채10년선물,D
20210422,11220,11260,11220,11255,3155,308620,308620,KODEX 미국채10년선물,D
20210423,11255,11295,11250,11255,8630,308620,308620,KODEX 미국채10년선물,D
20210426,11245,11245,11180,11185,9461,308620,308620,KODEX 미국채10년선물,D
20210427,11190,11190,11125,11140,7288,308620,308620,KODEX 미국채10년선물,D
20210428,11175,11175,11130,11135,4254,308620,308620,KODEX 미국채10년선물,D
20210429,11135,11135,11070,11110,4937,308620,308620,KODEX 미국채10년선물,D
20210430,11110,11135,11080,11135,3653,308620,308620,KODEX 미국채10년선물,D
20210503,11205,11255,11155,11255,20602,308620,308620,KODEX 미국채10년선물,D
20210504,11255,11285,11245,11250,11726,308620,308620,KODEX 미국채10년선물,D
20210506,11285,11335,11285,11335,8174,308620,308620,KODEX 미국채10년선물,D
20210507,11310,11310,11265,11280,7933,308620,308620,KODEX 미국채10년선물,D
20210510,11300,11300,11200,11220,6408,308620,308620,KODEX 미국채10년선물,D
20210511,11230,11285,11210,11260,4170,308620,308620,KODEX 미국채10년선물,D
20210512,11250,11310,11230,11290,5283,308620,308620,KODEX 미국채10년선물,D
20210513,11295,11340,11290,11310,18947,308620,308620,KODEX 미국채10년선물,D
20210514,11330,11340,11285,11305,14536,308620,308620,KODEX 미국채10년선물,D
20210517,11335,11410,11310,11410,11952,308620,308620,KODEX 미국채10년선물,D
20210518,11410,11420,11335,11345,6652,308620,308620,KODEX 미국채10년선물,D
20210520,11360,11370,11335,11335,11379,308620,308620,KODEX 미국채10년선물,D
20210521,11350,11350,11300,11330,4111,308620,308620,KODEX 미국채10년선물,D
20210524,11330,11355,11315,11340,8976,308620,308620,KODEX 미국채10년선물,D
20210525,11310,11355,11265,11295,6120,308620,308620,KODEX 미국채10년선물,D
20210526,11335,11335,11255,11280,9372,308620,308620,KODEX 미국채10년선물,D
20210527,11285,11300,11265,11300,10119,308620,308620,KODEX 미국채10년선물,D
20210528,11295,11295,11205,11235,21093,308620,308620,KODEX 미국채10년선물,D
20210531,11235,11270,11210,11215,8629,308620,308620,KODEX 미국채10년선물,D
20210601,11180,11190,11140,11150,14189,308620,308620,KODEX 미국채10년선물,D
20210602,11195,11245,11160,11245,7150,308620,308620,KODEX 미국채10년선물,D
20210603,11265,11265,11195,11240,5640,308620,308620,KODEX 미국채10년선물,D
20210604,11240,11260,11225,11250,4866,308620,308620,KODEX 미국채10년선물,D
20210607,11250,11255,11205,11235,3215,308620,308620,KODEX 미국채10년선물,D
20210608,11235,11275,11210,11270,17647,308620,308620,KODEX 미국채10년선물,D
20210609,11275,11325,11270,11285,4878,308620,308620,KODEX 미국채10년선물,D
20210610,11320,11330,11300,11320,3518,308620,308620,KODEX 미국채10년선물,D
20210611,11340,11340,11290,11315,5164,308620,308620,KODEX 미국채10년선물,D
20210614,11240,11355,11240,11355,8971,308620,308620,KODEX 미국채10년선물,D
20210615,11340,11355,11315,11335,7913,308620,308620,KODEX 미국채10년선물,D
20210616,11335,11340,11300,11325,12151,308620,308620,KODEX 미국채10년선물,D
20210617,11330,11385,11330,11380,20092,308620,308620,KODEX 미국채10년선물,D
20210618,11410,11425,11380,11405,7563,308620,308620,KODEX 미국채10년선물,D
20210621,11450,11560,11445,11505,24693,308620,308620,KODEX 미국채10년선물,D
20210622,11415,11445,11410,11435,13314,308620,308620,KODEX 미국채10년선물,D
20210623,11445,11495,11405,11470,21592,308620,308620,KODEX 미국채10년선물,D
20210624,11450,11490,11445,11450,2753,308620,308620,KODEX 미국채10년선물,D
20210625,11450,11450,11370,11385,7484,308620,308620,KODEX 미국채10년선물,D
20210628,11350,11405,11350,11400,10662,308620,308620,KODEX 미국채10년선물,D
20210629,11435,11435,11400,11400,6073,308620,308620,KODEX 미국채10년선물,D
20210630,11420,11430,11360,11390,18510,308620,308620,KODEX 미국채10년선물,D
20210701,11400,11455,11400,11440,13541,308620,308620,KODEX 미국채10년선물,D
20210702,11455,11475,11445,11460,4919,308620,308620,KODEX 미국채10년선물,D
20210705,11460,11475,11425,11475,11636,308620,308620,KODEX 미국채10년선물,D
20210706,11460,11485,11430,11450,9899,308620,308620,KODEX 미국채10년선물,D
20210707,11450,11610,11445,11565,15036,308620,308620,KODEX 미국채10년선물,D
20210708,11590,11680,11590,11670,10812,308620,308620,KODEX 미국채10년선물,D
20210709,11675,11725,11660,11715,9599,308620,308620,KODEX 미국채10년선물,D
20210712,11715,11715,11645,11680,5772,308620,308620,KODEX 미국채10년선물,D
20210713,11695,11695,11625,11665,5809,308620,308620,KODEX 미국채10년선물,D
20210714,11655,11690,11655,11675,6888,308620,308620,KODEX 미국채10년선물,D
20210715,11670,11690,11605,11630,6839,308620,308620,KODEX 미국채10년선물,D
20210716,11630,11680,11610,11645,7934,308620,308620,KODEX 미국채10년선물,D
20210719,11645,11740,11645,11730,23168,308620,308620,KODEX 미국채10년선물,D
20210720,11770,11840,11770,11825,20555,308620,308620,KODEX 미국채10년선물,D
20210721,11825,11870,11785,11870,9542,308620,308620,KODEX 미국채10년선물,D
20210722,11800,11800,11755,11775,15335,308620,308620,KODEX 미국채10년선물,D
20210723,11750,11780,11740,11780,14629,308620,308620,KODEX 미국채10년선물,D
20210726,11810,11850,11780,11850,12920,308620,308620,KODEX 미국채10년선물,D
20210727,11830,11830,11755,11765,10226,308620,308620,KODEX 미국채10년선물,D
20210728,11785,11880,11785,11845,8698,308620,308620,KODEX 미국채10년선물,D
20210729,11845,11845,11715,11750,9706,308620,308620,KODEX 미국채10년선물,D
20210730,11745,11795,11705,11790,4934,308620,308620,KODEX 미국채10년선물,D
20210802,11840,11860,11800,11820,38131,308620,308620,KODEX 미국채10년선물,D
20210803,11860,11870,11820,11830,6026,308620,308620,KODEX 미국채10년선물,D
20210804,11860,11860,11750,11755,30355,308620,308620,KODEX 미국채10년선물,D
20210805,11735,11800,11735,11755,7605,308620,308620,KODEX 미국채10년선물,D
20210806,11740,11740,11690,11725,6144,308620,308620,KODEX 미국채10년선물,D
20210809,11710,11735,11690,11710,9199,308620,308620,KODEX 미국채10년선물,D
20210810,11725,11755,11680,11725,7486,308620,308620,KODEX 미국채10년선물,D
20210811,11730,11765,11730,11755,4402,308620,308620,KODEX 미국채10년선물,D
20210812,11780,11830,11755,11830,4698,308620,308620,KODEX 미국채10년선물,D
20210813,11835,11885,11795,11885,10719,308620,308620,KODEX 미국채10년선물,D
20210817,11910,12050,11900,12040,38787,308620,308620,KODEX 미국채10년선물,D
20210818,12035,12035,11895,11925,15126,308620,308620,KODEX 미국채10년선물,D
20210819,11920,12025,11920,12025,24361,308620,308620,KODEX 미국채10년선물,D
20210820,12025,12055,11940,12050,13653,308620,308620,KODEX 미국채10년선물,D
20210823,12030,12030,11930,11950,8451,308620,308620,KODEX 미국채10년선물,D
20210824,11955,11955,11870,11870,13860,308620,308620,KODEX 미국채10년선물,D
20210825,11860,11920,11840,11920,11245,308620,308620,KODEX 미국채10년선물,D
20210826,11900,11925,11830,11915,9376,308620,308620,KODEX 미국채10년선물,D
20210827,11900,11930,11850,11885,31649,308620,308620,KODEX 미국채10년선물,D
20210830,11880,11880,11835,11865,11510,308620,308620,KODEX 미국채10년선물,D
20210831,11880,11910,11815,11820,24480,308620,308620,KODEX 미국채10년선물,D
20210901,11795,11910,11785,11810,81168,308620,308620,KODEX 미국채10년선물,D
20210902,11835,11875,11810,11855,12840,308620,308620,KODEX 미국채10년선물,D
20210903,11845,11845,11790,11810,7780,308620,308620,KODEX 미국채10년선물,D
20210906,11770,11830,11770,11815,6185,308620,308620,KODEX 미국채10년선물,D
20210907,11830,11830,11780,11790,6928,308620,308620,KODEX 미국채10년선물,D
20210908,11810,11865,11810,11845,9688,308620,308620,KODEX 미국채10년선물,D
20210909,11935,11935,11875,11915,7734,308620,308620,KODEX 미국채10년선물,D
20210910,11940,11960,11880,11915,13203,308620,308620,KODEX 미국채10년선물,D
20210913,11880,11970,11880,11965,11606,308620,308620,KODEX 미국채10년선물,D
20210914,11965,11965,11900,11900,11215,308620,308620,KODEX 미국채10년선물,D
20210915,11965,11965,11920,11940,7388,308620,308620,KODEX 미국채10년선물,D
20210916,11890,11945,11885,11945,3582,308620,308620,KODEX 미국채10년선물,D
20210917,11950,11990,11935,11955,8009,308620,308620,KODEX 미국채10년선물,D
20210923,11955,12040,11935,11935,14165,308620,308620,KODEX 미국채10년선물,D
20210924,11890,11895,11835,11860,11459,308620,308620,KODEX 미국채10년선물,D
20210927,11860,11890,11825,11855,5734,308620,308620,KODEX 미국채10년선물,D
20210928,11855,11900,11855,11865,7445,308620,308620,KODEX 미국채10년선물,D
20210929,11920,11920,11825,11850,26408,308620,308620,KODEX 미국채10년선물,D
20210930,11850,11930,11840,11870,61313,308620,308620,KODEX 미국채10년선물,D
20211001,11895,11940,11885,11940,33577,308620,308620,KODEX 미국채10년선물,D
20211005,11940,11940,11880,11935,7872,308620,308620,KODEX 미국채10년선물,D
20211006,11945,11945,11885,11925,8161,308620,308620,KODEX 미국채10년선물,D
20211007,11950,11950,11885,11905,2383,308620,308620,KODEX 미국채10년선물,D
20211008,11935,11935,11880,11905,2842,308620,308620,KODEX 미국채10년선물,D
20211012,11940,11955,11885,11925,6096,308620,308620,KODEX 미국채10년선물,D
20211013,11925,11935,11875,11905,5388,308620,308620,KODEX 미국채10년선물,D
20211014,11875,11895,11830,11850,5988,308620,308620,KODEX 미국채10년선물,D
20211015,11850,11850,11800,11825,3456,308620,308620,KODEX 미국채10년선물,D
20211018,11825,11825,11760,11805,5835,308620,308620,KODEX 미국채10년선물,D
20211019,11780,11795,11735,11740,5865,308620,308620,KODEX 미국채10년선물,D
20211020,11660,11690,11615,11670,9334,308620,308620,KODEX 미국채10년선물,D
20211021,11670,11700,11625,11695,8605,308620,308620,KODEX 미국채10년선물,D
20211022,11650,11665,11630,11655,14193,308620,308620,KODEX 미국채10년선물,D
20211025,11690,11690,11575,11590,28904,308620,308620,KODEX 미국채10년선물,D
20211026,11590,11620,11535,11565,11261,308620,308620,KODEX 미국채10년선물,D
20211027,11580,11630,11555,11630,6635,308620,308620,KODEX 미국채10년선물,D
20211028,11710,11710,11650,11660,7358,308620,308620,KODEX 미국채10년선물,D
20211029,11675,11675,11575,11575,12285,308620,308620,KODEX 미국채10년선물,D
20211101,11605,11700,11605,11685,30528,308620,308620,KODEX 미국채10년선물,D
20211102,11665,11715,11665,11690,4116,308620,308620,KODEX 미국채10년선물,D
20211103,11695,11780,11695,11775,7753,308620,308620,KODEX 미국채10년선물,D
20211104,11775,11775,11695,11735,5643,308620,308620,KODEX 미국채10년선물,D
20211105,11775,11830,11775,11820,7139,308620,308620,KODEX 미국채10년선물,D
20211108,11875,11885,11825,11860,5630,308620,308620,KODEX 미국채10년선물,D
20211109,11860,11860,11770,11780,3632,308620,308620,KODEX 미국채10년선물,D
20211110,11835,11855,11770,11840,6039,308620,308620,KODEX 미국채10년선물,D
20211111,11800,11800,11755,11755,14806,308620,308620,KODEX 미국채10년선물,D
20211112,11755,11755,11690,11700,4116,308620,308620,KODEX 미국채10년선물,D
20211115,11705,11755,11705,11725,3138,308620,308620,KODEX 미국채10년선물,D
20211116,11725,11740,11640,11700,5611,308620,308620,KODEX 미국채10년선물,D
20211117,11700,11745,11690,11700,8409,308620,308620,KODEX 미국채10년선물,D
20211118,11700,11740,11685,11715,3181,308620,308620,KODEX 미국채10년선물,D
20211119,11705,11770,11705,11745,15918,308620,308620,KODEX 미국채10년선물,D
20211122,11760,11825,11760,11785,4730,308620,308620,KODEX 미국채10년선물,D
20211123,11785,11795,11725,11765,7911,308620,308620,KODEX 미국채10년선물,D
20211124,11770,11770,11720,11740,24659,308620,308620,KODEX 미국채10년선물,D
20211125,11735,11760,11720,11760,3583,308620,308620,KODEX 미국채10년선물,D
20211126,11760,11860,11760,11840,5092,308620,308620,KODEX 미국채10년선물,D
20211129,11910,11910,11850,11895,5990,308620,308620,KODEX 미국채10년선물,D
20211130,11925,11925,11835,11900,34191,308620,308620,KODEX 미국채10년선물,D
20211201,11835,11835,11740,11790,27111,308620,308620,KODEX 미국채10년선물,D
20211202,11835,11835,11765,11775,11885,308620,308620,KODEX 미국채10년선물,D
20211203,11740,11830,11740,11820,9501,308620,308620,KODEX 미국채10년선물,D
20211206,11790,11905,11790,11870,13363,308620,308620,KODEX 미국채10년선물,D
20211207,11870,11870,11795,11795,4140,308620,308620,KODEX 미국채10년선물,D
20211208,11800,11800,11740,11750,8542,308620,308620,KODEX 미국채10년선물,D
20211209,11710,11710,11675,11695,5984,308620,308620,KODEX 미국채10년선물,D
20211210,11760,11765,11705,11750,2589,308620,308620,KODEX 미국채10년선물,D
20211213,11755,11790,11735,11770,5656,308620,308620,KODEX 미국채10년선물,D
20211214,11790,11865,11790,11840,6355,308620,308620,KODEX 미국채10년선물,D
20211215,11900,11900,11835,11860,5878,308620,308620,KODEX 미국채10년선물,D
20211216,11855,11855,11795,11845,10787,308620,308620,KODEX 미국채10년선물,D
20211217,11880,11905,11855,11855,9862,308620,308620,KODEX 미국채10년선물,D
20211220,11870,11990,11870,11990,10309,308620,308620,KODEX 미국채10년선물,D
20211221,11960,11980,11945,11960,36660,308620,308620,KODEX 미국채10년선물,D
20211222,11975,11975,11885,11935,11403,308620,308620,KODEX 미국채10년선물,D
20211223,11915,11920,11850,11890,18605,308620,308620,KODEX 미국채10년선물,D
20211224,11885,11885,11830,11865,8403,308620,308620,KODEX 미국채10년선물,D
20211227,11865,11865,11830,11840,5919,308620,308620,KODEX 미국채10년선물,D
20211228,11875,11875,11830,11870,4016,308620,308620,KODEX 미국채10년선물,D
20211229,11880,11885,11850,11875,6395,308620,308620,KODEX 미국채10년선물,D
20211230,11800,11855,11780,11855,12837,308620,308620,KODEX 미국채10년선물,D
20220103,11855,11890,11825,11880,26743,308620,308620,KODEX 미국채10년선물,D
20220104,11845,11860,11800,11830,10838,308620,308620,KODEX 미국채10년선물,D
20220105,11830,11860,11830,11855,8862,308620,308620,KODEX 미국채10년선물,D
20220106,11855,11855,11785,11795,7340,308620,308620,KODEX 미국채10년선물,D
20220107,11800,11840,11800,11830,3122,308620,308620,KODEX 미국채10년선물,D
20220110,11810,11810,11735,11750,8038,308620,308620,KODEX 미국채10년선물,D
20220111,11785,11785,11700,11725,7321,308620,308620,KODEX 미국채10년선물,D
20220112,11725,11725,11670,11705,15067,308620,308620,KODEX 미국채10년선물,D
20220113,11650,11685,11630,11650,11128,308620,308620,KODEX 미국채10년선물,D
20220114,11675,11705,11655,11670,28867,308620,308620,KODEX 미국채10년선물,D
20220117,11570,11695,11570,11695,5787,308620,308620,KODEX 미국채10년선물,D
20220118,11690,11690,11575,11600,3576,308620,308620,KODEX 미국채10년선물,D
20220119,11600,11620,11565,11605,10871,308620,308620,KODEX 미국채10년선물,D
20220120,11600,11615,11560,11610,5032,308620,308620,KODEX 미국채10년선물,D
20220121,11700,11720,11665,11705,7710,308620,308620,KODEX 미국채10년선물,D
20220124,11705,11725,11665,11725,8552,308620,308620,KODEX 미국채10년선물,D
20220125,11755,11770,11695,11745,11953,308620,308620,KODEX 미국채10년선물,D
20220126,11745,11745,11715,11720,12985,308620,308620,KODEX 미국채10년선물,D
20220127,11745,11745,11680,11720,10028,308620,308620,KODEX 미국채10년선물,D
20220128,11760,11775,11720,11760,11734,308620,308620,KODEX 미국채10년선물,D
20220203,11760,11805,11760,11795,20438,308620,308620,KODEX 미국채10년선물,D
20220204,11800,11800,11670,11680,12288,308620,308620,KODEX 미국채10년선물,D
20220207,11640,11655,11605,11655,11331,308620,308620,KODEX 미국채10년선물,D
20220208,11640,11640,11585,11600,6835,308620,308620,KODEX 미국채10년선물,D
20220209,11600,11600,11545,11590,3640,308620,308620,KODEX 미국채10년선물,D
20220210,11600,11600,11540,11585,6990,308620,308620,KODEX 미국채10년선물,D
20220211,11580,11580,11520,11520,11275,308620,308620,KODEX 미국채10년선물,D
20220214,11530,11595,11530,11565,5847,308620,308620,KODEX 미국채10년선물,D
20220215,11555,11580,11515,11565,5414,308620,308620,KODEX 미국채10년선물,D
20220216,11545,11545,11495,11510,7516,308620,308620,KODEX 미국채10년선물,D
20220217,11510,11585,11500,11535,4459,308620,308620,KODEX 미국채10년선물,D
20220218,11550,11610,11515,11545,4282,308620,308620,KODEX 미국채10년선물,D
20220221,11570,11610,11545,11565,19074,308620,308620,KODEX 미국채10년선물,D
20220222,11605,11630,11570,11570,5012,308620,308620,KODEX 미국채10년선물,D
20220223,11545,11550,11510,11535,2241,308620,308620,KODEX 미국채10년선물,D
20220224,11505,11700,11505,11665,6992,308620,308620,KODEX 미국채10년선물,D
20220225,11625,11630,11580,11620,13628,308620,308620,KODEX 미국채10년선물,D
20220228,11620,11740,11620,11680,12895,308620,308620,KODEX 미국채10년선물,D
20220302,11740,11860,11740,11840,9306,308620,308620,KODEX 미국채10년선물,D
20220303,11795,11795,11715,11740,8010,308620,308620,KODEX 미국채10년선물,D
20220304,11725,11920,11725,11870,5502,308620,308620,KODEX 미국채10년선물,D
20220307,11980,12095,11980,12085,8710,308620,308620,KODEX 미국채10년선물,D
20220308,12095,12115,12020,12100,14268,308620,308620,KODEX 미국채10년선물,D
20220310,11935,11935,11840,11915,11772,308620,308620,KODEX 미국채10년선물,D
20220311,11885,11930,11860,11910,5709,308620,308620,KODEX 미국채10년선물,D
20220314,11900,11915,11870,11910,3396,308620,308620,KODEX 미국채10년선물,D
20220315,11905,11905,11820,11860,4866,308620,308620,KODEX 미국채10년선물,D
20220316,11770,11880,11770,11780,19546,308620,308620,KODEX 미국채10년선물,D
20220317,11770,11770,11565,11575,10107,308620,308620,KODEX 미국채10년선물,D
20220318,11565,11590,11490,11505,12626,308620,308620,KODEX 미국채10년선물,D
20220321,11465,11560,11465,11560,12289,308620,308620,KODEX 미국채10년선물,D
20220322,11500,11505,11455,11465,15776,308620,308620,KODEX 미국채10년선물,D
20220323,11455,11455,11330,11380,19241,308620,308620,KODEX 미국채10년선물,D
20220324,11480,11485,11425,11440,6185,308620,308620,KODEX 미국채10년선물,D
20220325,11460,11460,11420,11450,9567,308620,308620,KODEX 미국채10년선물,D
20220328,11340,11430,11340,11355,12400,308620,308620,KODEX 미국채10년선물,D
20220329,11420,11420,11325,11345,10840,308620,308620,KODEX 미국채10년선물,D
20220330,11340,11375,11325,11350,7347,308620,308620,KODEX 미국채10년선물,D
20220331,11330,11380,11330,11380,51058,308620,308620,KODEX 미국채10년선물,D
20220401,11380,11395,11340,11380,11694,308620,308620,KODEX 미국채10년선물,D
20220404,11345,11375,11300,11330,7137,308620,308620,KODEX 미국채10년선물,D
20220405,11345,11350,11290,11305,7689,308620,308620,KODEX 미국채10년선물,D
20220406,11275,11275,11180,11210,6234,308620,308620,KODEX 미국채10년선물,D
20220407,11245,11280,11245,11280,7932,308620,308620,KODEX 미국채10년선물,D
20220408,11290,11290,11230,11275,3678,308620,308620,KODEX 미국채10년선물,D
20220411,11280,11285,11240,11255,12740,308620,308620,KODEX 미국채10년선물,D
20220412,11255,11285,11235,11240,35386,308620,308620,KODEX 미국채10년선물,D
20220413,11290,11300,11230,11240,10114,308620,308620,KODEX 미국채10년선물,D
20220414,11280,11320,11255,11290,3621,308620,308620,KODEX 미국채10년선물,D
20220415,11150,11335,11150,11265,4689,308620,308620,KODEX 미국채10년선물,D
20220418,11245,11250,11200,11250,6087,308620,308620,KODEX 미국채10년선물,D
20220419,11235,11280,11235,11270,10544,308620,308620,KODEX 미국채10년선물,D
20220420,11230,11230,11175,11200,10075,308620,308620,KODEX 미국채10년선물,D
20220421,11200,11275,11200,11245,8360,308620,308620,KODEX 미국채10년선물,D
20220422,11240,11240,11195,11210,9423,308620,308620,KODEX 미국채10년선물,D
20220425,11295,11375,11215,11375,11877,308620,308620,KODEX 미국채10년선물,D
20220426,11435,11435,11330,11375,17540,308620,308620,KODEX 미국채10년선물,D
20220427,11535,11615,11395,11595,67126,308620,308620,KODEX 미국채10년선물,D
20220428,11590,11645,11525,11610,14857,308620,308620,KODEX 미국채10년선물,D
20220429,11655,11655,11435,11440,11693,308620,308620,KODEX 미국채10년선물,D
20220502,11440,11485,11440,11470,8313,308620,308620,KODEX 미국채10년선물,D
20220503,11385,11450,11385,11415,11625,308620,308620,KODEX 미국채10년선물,D
20220504,11390,11410,11360,11400,7715,308620,308620,KODEX 미국채10년선물,D
20220506,11410,11480,11410,11460,7416,308620,308620,KODEX 미국채10년선물,D
20220509,11455,11455,11375,11430,16022,308620,308620,KODEX 미국채10년선물,D
20220510,11495,11570,11490,11500,11287,308620,308620,KODEX 미국채10년선물,D
20220511,11600,11600,11550,11580,14948,308620,308620,KODEX 미국채10년선물,D
20220512,11625,11765,11570,11740,5716,308620,308620,KODEX 미국채10년선물,D
20220513,11740,11760,11660,11695,8101,308620,308620,KODEX 미국채10년선물,D
20220516,11665,11700,11540,11675,34757,308620,308620,KODEX 미국채10년선물,D
20220517,11755,11755,11595,11615,11350,308620,308620,KODEX 미국채10년선물,D
20220518,11580,11580,11465,11465,17652,308620,308620,KODEX 미국채10년선물,D
20220519,11675,11675,11560,11605,11363,308620,308620,KODEX 미국채10년선물,D
20220520,11595,11625,11540,11560,10782,308620,308620,KODEX 미국채10년선물,D
20220523,11610,11740,11530,11545,24307,308620,308620,KODEX 미국채10년선물,D
20220524,11525,11555,11515,11550,2425,308620,308620,KODEX 미국채10년선물,D
20220525,11560,11650,11560,11630,6057,308620,308620,KODEX 미국채10년선물,D
20220526,11735,11735,11600,11670,11275,308620,308620,KODEX 미국채10년선물,D
20220527,11605,11610,11520,11565,6542,308620,308620,KODEX 미국채10년선물,D
20220530,11435,11520,11370,11370,37302,308620,308620,KODEX 미국채10년선물,D
20220531,11370,11370,11275,11305,11664,308620,308620,KODEX 미국채10년선물,D
20220602,11275,11400,11275,11375,9293,308620,308620,KODEX 미국채10년선물,D
20220603,11290,11310,11245,11300,36739,308620,308620,KODEX 미국채10년선물,D
20220607,11300,11350,11295,11335,37640,308620,308620,KODEX 미국채10년선물,D
20220608,11350,11370,11330,11340,22594,308620,308620,KODEX 미국채10년선물,D
20220609,11340,11370,11305,11340,7191,308620,308620,KODEX 미국채10년선물,D
20220610,11325,11450,11325,11435,12212,308620,308620,KODEX 미국채10년선물,D
20220613,11405,11480,11405,11430,32220,308620,308620,KODEX 미국채10년선물,D
20220614,11220,11390,11220,11390,43265,308620,308620,KODEX 미국채10년선물,D
20220615,11315,11345,11270,11325,24110,308620,308620,KODEX 미국채10년선물,D
20220616,11405,11405,11285,11380,10348,308620,308620,KODEX 미국채10년선물,D
20220617,11490,11490,11385,11445,41702,308620,308620,KODEX 미국채10년선물,D
20220620,11450,11565,11450,11480,54695,308620,308620,KODEX 미국채10년선물,D
20220621,11470,11470,11380,11455,20002,308620,308620,KODEX 미국채10년선물,D
20220622,11415,11525,11415,11525,17786,308620,308620,KODEX 미국채10년선물,D
20220623,11600,11660,11600,11635,9976,308620,308620,KODEX 미국채10년선물,D
20220624,11660,11715,11625,11670,16181,308620,308620,KODEX 미국채10년선물,D
20220627,11695,11695,11465,11515,23010,308620,308620,KODEX 미국채10년선물,D
20220628,11560,11560,11445,11475,39693,308620,308620,KODEX 미국채10년선물,D
20220629,11475,11680,11445,11680,5741,308620,308620,KODEX 미국채10년선물,D
20220630,11695,11730,11640,11700,11095,308620,308620,KODEX 미국채10년선물,D
20220701,11680,11800,11645,11785,26340,308620,308620,KODEX 미국채10년선물,D
20220704,11875,11885,11795,11830,33385,308620,308620,KODEX 미국채10년선물,D
20220705,11830,11845,11755,11830,11230,308620,308620,KODEX 미국채10년선물,D
20220706,12000,12040,11950,11985,18525,308620,308620,KODEX 미국채10년선물,D
20220707,11940,11940,11785,11820,9048,308620,308620,KODEX 미국채10년선물,D
20220708,12100,12100,11725,11790,8862,308620,308620,KODEX 미국채10년선물,D
20220711,11680,11740,11655,11740,6291,308620,308620,KODEX 미국채10년선물,D
20220712,11980,11980,11835,11900,8581,308620,308620,KODEX 미국채10년선물,D
20220713,11880,11880,11810,11855,8211,308620,308620,KODEX 미국채10년선물,D
20220714,11910,11920,11840,11910,5378,308620,308620,KODEX 미국채10년선물,D
20220715,11960,12030,11945,12025,31614,308620,308620,KODEX 미국채10년선물,D
20220718,12015,12015,11925,11960,9472,308620,308620,KODEX 미국채10년선물,D
20220719,11880,11945,11855,11895,7416,308620,308620,KODEX 미국채10년선물,D
20220720,11855,11855,11740,11845,11814,308620,308620,KODEX 미국채10년선물,D
20220721,11845,11870,11775,11775,13027,308620,308620,KODEX 미국채10년선물,D
20220722,11940,11950,11900,11950,21812,308620,308620,KODEX 미국채10년선물,D
20220725,11985,12055,11975,12030,7755,308620,308620,KODEX 미국채10년선물,D
20220726,12065,12065,11975,11995,7286,308620,308620,KODEX 미국채10년선물,D
20220727,11980,12045,11975,12040,42097,308620,308620,KODEX 미국채10년선물,D
20220728,11990,12035,11920,11920,57051,308620,308620,KODEX 미국채10년선물,D
20220729,11990,12060,11980,12035,11495,308620,308620,KODEX 미국채10년선물,D
20220801,12055,12120,12055,12085,31936,308620,308620,KODEX 미국채10년선물,D
20220802,12215,12215,12115,12155,29609,308620,308620,KODEX 미국채10년선물,D
20220803,12190,12190,12035,12070,9702,308620,308620,KODEX 미국채10년선물,D
20220804,12060,12075,12025,12050,36989,308620,308620,KODEX 미국채10년선물,D
20220805,12090,12090,11960,11995,18751,308620,308620,KODEX 미국채10년선물,D
20220808,11900,11965,11895,11960,17237,308620,308620,KODEX 미국채10년선물,D
20220809,11935,11980,11930,11960,10294,308620,308620,KODEX 미국채10년선물,D
20220810,11955,11990,11950,11990,59948,308620,308620,KODEX 미국채10년선물,D
20220811,11910,11960,11905,11945,49772,308620,308620,KODEX 미국채10년선물,D
20220812,11955,11965,11855,11875,77237,308620,308620,KODEX 미국채10년선물,D
20220816,11980,12040,11975,12000,98393,308620,308620,KODEX 미국채10년선물,D
20220817,11995,11995,11940,11950,19168,308620,308620,KODEX 미국채10년선물,D
20220818,12000,12015,11940,12005,49988,308620,308620,KODEX 미국채10년선물,D
20220819,11985,12065,11985,12025,30407,308620,308620,KODEX 미국채10년선물,D
20220822,12030,12120,12030,12120,73452,308620,308620,KODEX 미국채10년선물,D
20220823,12085,12120,12045,12120,25261,308620,308620,KODEX 미국채10년선물,D
20220824,12065,12105,12040,12085,8182,308620,308620,KODEX 미국채10년선물,D
20220825,12025,12025,11935,11965,69379,308620,308620,KODEX 미국채10년선물,D
20220826,11980,12005,11945,11970,38208,308620,308620,KODEX 미국채10년선물,D
20220829,11970,12080,11970,12080,31501,308620,308620,KODEX 미국채10년선물,D
20220830,12070,12100,12025,12070,17928,308620,308620,KODEX 미국채10년선물,D
20220831,12080,12085,11950,11985,12970,308620,308620,KODEX 미국채10년선물,D
20220901,11855,12025,11855,12025,64960,308620,308620,KODEX 미국채10년선물,D
20220902,12025,12105,11975,12105,19955,308620,308620,KODEX 미국채10년선물,D
20220905,12105,12240,12105,12225,28803,308620,308620,KODEX 미국채10년선물,D
20220906,12225,12225,12125,12180,134865,308620,308620,KODEX 미국채10년선물,D
20220907,12175,12245,12130,12225,14217,308620,308620,KODEX 미국채10년선물,D
20220908,12220,12280,12210,12250,9483,308620,308620,KODEX 미국채10년선물,D
20220913,12180,12180,12105,12150,12886,308620,308620,KODEX 미국채10년선물,D
20220914,12170,12260,12165,12170,21792,308620,308620,KODEX 미국채10년선물,D
20220915,12170,12235,12170,12220,10483,308620,308620,KODEX 미국채10년선물,D
20220916,12220,12240,12090,12090,11011,308620,308620,KODEX 미국채10년선물,D
20220919,12070,12190,12070,12190,10435,308620,308620,KODEX 미국채10년선물,D
20220920,12145,12145,12115,12145,7346,308620,308620,KODEX 미국채10년선물,D
20220921,12080,12165,12045,12160,10530,308620,308620,KODEX 미국채10년선물,D
20220922,12115,12240,12115,12230,5525,308620,308620,KODEX 미국채10년선물,D
20220923,12100,12125,12075,12095,10733,308620,308620,KODEX 미국채10년선물,D
20220926,12180,12275,12150,12230,87046,308620,308620,KODEX 미국채10년선물,D
20220927,12140,12165,12115,12135,17331,308620,308620,KODEX 미국채10년선물,D
20220928,12080,12180,12045,12165,6889,308620,308620,KODEX 미국채10년선물,D
20220929,12200,12325,12200,12290,33665,308620,308620,KODEX 미국채10년선물,D
20220930,12265,12280,12195,12270,7653,308620,308620,KODEX 미국채10년선물,D
20221004,11470,12395,11470,12355,320763,308620,308620,KODEX 미국채10년선물,D
20221005,12270,12325,12240,12240,3664,308620,308620,KODEX 미국채10년선물,D
20221006,12240,12240,11995,12055,18634,308620,308620,KODEX 미국채10년선물,D
20221007,12055,12080,11955,12060,8254,308620,308620,KODEX 미국채10년선물,D
20221011,12060,12130,12060,12110,5957,308620,308620,KODEX 미국채10년선물,D
20221012,12170,12170,12090,12100,3958,308620,308620,KODEX 미국채10년선물,D
20221013,12205,12205,12095,12140,2111,308620,308620,KODEX 미국채10년선물,D
20221014,12140,12145,12065,12115,5263,308620,308620,KODEX 미국채10년선물,D
20221017,12115,12180,12090,12155,7020,308620,308620,KODEX 미국채10년선물,D
20221018,12155,12155,12030,12065,3490,308620,308620,KODEX 미국채10년선물,D
20221019,11985,12050,11965,12050,5867,308620,308620,KODEX 미국채10년선물,D
20221020,12050,12050,11915,11990,5372,308620,308620,KODEX 미국채10년선물,D
20221021,12000,12020,11960,12015,7394,308620,308620,KODEX 미국채10년선물,D
20221024,12035,12100,11975,12100,9102,308620,308620,KODEX 미국채10년선물,D
20221025,12100,12100,12010,12020,2720,308620,308620,KODEX 미국채10년선물,D
20221026,12020,12060,12015,12030,7330,308620,308620,KODEX 미국채10년선물,D
20221027,12125,12125,11970,12005,6389,308620,308620,KODEX 미국채10년선물,D
20221028,12255,12255,12055,12075,19691,308620,308620,KODEX 미국채10년선물,D
20221031,12075,12075,11990,12030,13231,308620,308620,KODEX 미국채10년선물,D
20221101,12085,12085,11945,11995,9278,308620,308620,KODEX 미국채10년선물,D
20221102,12010,12015,11930,11990,30315,308620,308620,KODEX 미국채10년선물,D
20221103,12000,12000,11895,11945,20531,308620,308620,KODEX 미국채10년선물,D
20221104,11945,11980,11860,11930,9746,308620,308620,KODEX 미국채10년선물,D
20221107,12015,12015,11755,11815,11944,308620,308620,KODEX 미국채10년선물,D
20221108,11795,11795,11550,11595,13122,308620,308620,KODEX 미국채10년선물,D
20221109,11720,11720,11440,11510,21749,308620,308620,KODEX 미국채10년선물,D
20221110,11695,11695,11495,11650,26723,308620,308620,KODEX 미국채10년선물,D
20221111,11795,11795,11265,11345,47804,308620,308620,KODEX 미국채10년선물,D
20221114,11300,11405,11205,11360,15761,308620,308620,KODEX 미국채10년선물,D
20221115,11375,11375,11280,11300,20364,308620,308620,KODEX 미국채10년선물,D
20221116,11300,11450,11300,11410,16599,308620,308620,KODEX 미국채10년선물,D
20221117,11490,11640,11475,11630,17265,308620,308620,KODEX 미국채10년선물,D
20221118,11630,11630,11500,11570,10003,308620,308620,KODEX 미국채10년선물,D
20221121,11560,11675,11450,11650,11044,308620,308620,KODEX 미국채10년선물,D
20221122,12020,12020,11610,11680,8357,308620,308620,KODEX 미국채10년선물,D
20221123,11565,11655,11550,11630,23714,308620,308620,KODEX 미국채10년선물,D
20221124,11580,11595,11460,11505,9691,308620,308620,KODEX 미국채10년선물,D
20221125,11760,11880,11430,11475,57473,308620,308620,KODEX 미국채10년선물,D
20221128,11600,11650,11535,11630,7408,308620,308620,KODEX 미국채10년선물,D
20221129,11640,11640,11460,11515,44336,308620,308620,KODEX 미국채10년선물,D
20221130,11485,11490,11355,11400,15673,308620,308620,KODEX 미국채10년선물,D
20221201,11335,11355,11235,11265,29868,308620,308620,KODEX 미국채10년선물,D
20221202,11370,11455,11360,11360,11300,308620,308620,KODEX 미국채10년선물,D
20221205,11360,11360,11285,11310,11275,308620,308620,KODEX 미국채10년선물,D
20221206,11405,11490,11310,11490,7099,308620,308620,KODEX 미국채10년선물,D
20221207,11500,11530,11430,11500,7626,308620,308620,KODEX 미국채10년선물,D
20221208,11545,11605,11520,11565,42605,308620,308620,KODEX 미국채10년선물,D
20221209,11545,11545,11360,11385,13476,308620,308620,KODEX 미국채10년선물,D
20221212,11440,11440,11380,11410,24206,308620,308620,KODEX 미국채10년선물,D
20221213,11375,11380,11270,11325,45132,308620,308620,KODEX 미국채10년선물,D
20221214,11335,11385,11315,11365,25237,308620,308620,KODEX 미국채10년선물,D
20221215,11410,11435,11345,11435,12446,308620,308620,KODEX 미국채10년선물,D
20221216,11525,11555,11440,11460,15148,308620,308620,KODEX 미국채10년선물,D
20221219,11460,11520,11325,11395,11580,308620,308620,KODEX 미국채10년선물,D
20221220,11360,11360,11175,11205,36740,308620,308620,KODEX 미국채10년선물,D
20221221,11155,11155,11090,11125,9802,308620,308620,KODEX 미국채10년선물,D
20221222,11155,11155,11035,11070,14796,308620,308620,KODEX 미국채10년선물,D
20221223,11085,11115,11065,11090,17618,308620,308620,KODEX 미국채10년선물,D
20221226,11090,11155,11025,11140,5800,308620,308620,KODEX 미국채10년선물,D
20221227,11005,11015,10930,10995,17644,308620,308620,KODEX 미국채10년선물,D
20221228,10900,10925,10875,10895,12315,308620,308620,KODEX 미국채10년선물,D
20221229,10755,10955,10755,10865,8612,308620,308620,KODEX 미국채10년선물,D
20230102,10865,10985,10865,10975,12842,308620,308620,KODEX 미국채10년선물,D
20230103,10975,10990,10865,10905,17434,308620,308620,KODEX 미국채10년선물,D
20230104,10925,11010,10925,10985,8591,308620,308620,KODEX 미국채10년선물,D
20230105,10985,11020,10935,10960,13039,308620,308620,KODEX 미국채10년선물,D
20230106,10960,10960,10870,10945,12397,308620,308620,KODEX 미국채10년선물,D
20230109,11050,11050,10840,10850,25419,308620,308620,KODEX 미국채10년선물,D
20230110,10855,10880,10805,10880,8316,308620,308620,KODEX 미국채10년선물,D
20230111,10855,10890,10810,10870,9274,308620,308620,KODEX 미국채10년선물,D
20230112,10865,10915,10845,10915,16565,308620,308620,KODEX 미국채10년선물,D
20230113,10920,10955,10870,10930,10705,308620,308620,KODEX 미국채10년선물,D
20230116,10905,10905,10810,10860,12974,308620,308620,KODEX 미국채10년선물,D
20230117,10860,10875,10835,10855,7284,308620,308620,KODEX 미국채10년선물,D
20230118,10795,10940,10795,10840,22442,308620,308620,KODEX 미국채10년선물,D
20230119,10985,10985,10935,10950,14209,308620,308620,KODEX 미국채10년선물,D
20230120,10940,10940,10830,10910,5232,308620,308620,KODEX 미국채10년선물,D
20230125,10910,10920,10850,10860,16367,308620,308620,KODEX 미국채10년선물,D
20230126,10870,10885,10830,10865,12186,308620,308620,KODEX 미국채10년선물,D
20230127,10750,10830,10750,10800,16239,308620,308620,KODEX 미국채10년선물,D
20230130,10800,10800,10745,10765,11932,308620,308620,KODEX 미국채10년선물,D
20230131,10840,10840,10730,10770,12952,308620,308620,KODEX 미국채10년선물,D
20230201,10815,10815,10750,10795,9362,308620,308620,KODEX 미국채10년선물,D
20230202,10820,10830,10725,10760,58812,308620,308620,KODEX 미국채10년선물,D
20230203,10795,10855,10795,10855,23406,308620,308620,KODEX 미국채10년선물,D
20230206,11000,11095,10850,10910,15506,308620,308620,KODEX 미국채10년선물,D
20230207,10965,10965,10860,10900,13815,308620,308620,KODEX 미국채10년선물,D
20230208,10905,10930,10835,10930,12391,308620,308620,KODEX 미국채10년선물,D
20230209,10925,10970,10915,10935,24785,308620,308620,KODEX 미국채10년선물,D
20230210,10925,10935,10905,10925,7655,308620,308620,KODEX 미국채10년선물,D
20230213,10925,11015,10900,11015,20414,308620,308620,KODEX 미국채10년선물,D
20230214,11020,11035,10920,10930,13180,308620,308620,KODEX 미국채10년선물,D
20230215,10940,11035,10920,11020,28476,308620,308620,KODEX 미국채10년선물,D
20230216,11010,11015,10925,11005,21708,308620,308620,KODEX 미국채10년선물,D
20230217,11005,11090,10990,11075,15166,308620,308620,KODEX 미국채10년선물,D
20230220,11075,11105,11035,11070,12781,308620,308620,KODEX 미국채10년선물,D
20230221,11080,11145,11040,11050,5284,308620,308620,KODEX 미국채10년선물,D
20230222,11050,11115,11040,11085,14154,308620,308620,KODEX 미국채10년선물,D
20230223,11085,11105,10975,11015,11222,308620,308620,KODEX 미국채10년선물,D
20230224,11100,11100,11015,11090,11917,308620,308620,KODEX 미국채10년선물,D
20230227,11090,11215,11090,11215,22153,308620,308620,KODEX 미국채10년선물,D
20230228,11215,11250,11125,11240,18847,308620,308620,KODEX 미국채10년선물,D
20230302,11150,11150,11005,11105,31669,308620,308620,KODEX 미국채10년선물,D
20230303,11070,11070,10940,10940,31639,308620,308620,KODEX 미국채10년선물,D
20230306,11515,11515,10935,10990,22669,308620,308620,KODEX 미국채10년선물,D
20230307,11000,11000,10975,11000,13826,308620,308620,KODEX 미국채10년선물,D
20230308,11095,11150,11080,11140,21915,308620,308620,KODEX 미국채10년선물,D
20230309,11155,11155,11095,11135,12786,308620,308620,KODEX 미국채10년선물,D
20230310,11180,11400,11180,11270,25072,308620,308620,KODEX 미국채10년선물,D
20230313,11365,11365,11160,11180,34864,308620,308620,KODEX 미국채10년선물,D
20230314,11270,11450,11265,11450,28167,308620,308620,KODEX 미국채10년선물,D
20230315,11305,11305,11180,11270,33746,308620,308620,KODEX 미국채10년선물,D
20230316,11405,11550,11405,11480,36573,308620,308620,KODEX 미국채10년선물,D
20230317,11425,11425,11200,11360,38797,308620,308620,KODEX 미국채10년선물,D
20230320,11400,11540,11335,11525,39263,308620,308620,KODEX 미국채10년선물,D
20230321,11415,11495,11345,11490,19172,308620,308620,KODEX 미국채10년선물,D
20230322,11225,11390,11225,11390,17863,308620,308620,KODEX 미국채10년선물,D
20230323,11430,11500,11205,11240,72119,308620,308620,KODEX 미국채10년선물,D
20230324,11305,11425,11285,11425,23072,308620,308620,KODEX 미국채10년선물,D
20230327,11430,11510,11415,11475,32447,308620,308620,KODEX 미국채10년선물,D
20230328,11375,11375,11315,11340,39727,308620,308620,KODEX 미국채10년선물,D
20230329,11300,11340,11280,11340,24293,308620,308620,KODEX 미국채10년선물,D
20230330,11345,11385,11295,11315,25035,308620,308620,KODEX 미국채10년선물,D
20230331,11240,11330,11220,11330,28250,308620,308620,KODEX 미국채10년선물,D
20230403,11330,11520,11330,11445,52329,308620,308620,KODEX 미국채10년선물,D
20230404,11470,11540,11455,11540,17995,308620,308620,KODEX 미국채10년선물,D
20230405,11585,11595,11550,11565,32230,308620,308620,KODEX 미국채10년선물,D
20230406,11595,11695,11595,11685,33477,308620,308620,KODEX 미국채10년선물,D
20230407,11685,11695,11655,11660,39278,308620,308620,KODEX 미국채10년선물,D
20230410,11630,11655,11575,11640,24453,308620,308620,KODEX 미국채10년선물,D
20230411,11625,11640,11580,11640,16605,308620,308620,KODEX 미국채10년선물,D
20230412,11640,11640,11590,11640,18081,308620,308620,KODEX 미국채10년선물,D
20230413,11640,11690,11515,11545,23243,308620,308620,KODEX 미국채10년선물,D
20230414,11500,11540,11375,11420,180709,308620,308620,KODEX 미국채10년선물,D
20230417,11460,11480,11395,11460,35974,308620,308620,KODEX 미국채10년선물,D
20230418,11460,11470,11425,11455,93110,308620,308620,KODEX 미국채10년선물,D
20230419,11445,11500,11410,11500,81094,308620,308620,KODEX 미국채10년선물,D
20230420,11525,11550,11455,11500,64248,308620,308620,KODEX 미국채10년선물,D
20230421,11500,11590,11500,11575,87247,308620,308620,KODEX 미국채10년선물,D
20230424,11575,11620,11545,11615,97694,308620,308620,KODEX 미국채10년선물,D
20230425,11625,11680,11530,11530,76833,308620,308620,KODEX 미국채10년선물,D
20230426,11730,11750,11710,11715,78221,308620,308620,KODEX 미국채10년선물,D
20230427,11715,11755,11700,11700,38449,308620,308620,KODEX 미국채10년선물,D
20230428,11680,11685,11630,11685,70020,308620,308620,KODEX 미국채10년선물,D
20230502,11685,11695,11620,11660,137274,308620,308620,KODEX 미국채10년선물,D
20230503,11745,11760,11705,11730,141241,308620,308620,KODEX 미국채10년선물,D
20230504,11755,11800,11650,11685,57939,308620,308620,KODEX 미국채10년선물,D
20230508,11670,11670,11605,11620,28837,308620,308620,KODEX 미국채10년선물,D
20230509,11575,11610,11565,11600,35791,308620,308620,KODEX 미국채10년선물,D
20230510,11580,11605,11575,11585,20784,308620,308620,KODEX 미국채10년선물,D
20230511,11675,11680,11570,11680,75125,308620,308620,KODEX 미국채10년선물,D
20230512,11740,11790,11720,11775,126713,308620,308620,KODEX 미국채10년선물,D
20230515,11710,11750,11670,11715,20579,308620,308620,KODEX 미국채10년선물,D
20230516,11715,11725,11650,11725,70440,308620,308620,KODEX 미국채10년선물,D
20230517,11695,11705,11660,11675,29391,308620,308620,KODEX 미국채10년선물,D
20230518,11660,11660,11570,11590,86626,308620,308620,KODEX 미국채10년선물,D
20230519,11550,11555,11475,11475,42224,308620,308620,KODEX 미국채10년선물,D
20230522,11460,11460,11380,11405,31569,308620,308620,KODEX 미국채10년선물,D
20230523,11345,11345,11300,11330,39418,308620,308620,KODEX 미국채10년선물,D
20230524,11420,11420,11380,11400,40694,308620,308620,KODEX 미국채10년선물,D
20230525,11380,11410,11365,11405,15010,308620,308620,KODEX 미국채10년선물,D
20230526,11420,11420,11320,11350,21351,308620,308620,KODEX 미국채10년선물,D
20230530,11355,11355,11285,11335,54834,308620,308620,KODEX 미국채10년선물,D
20230531,11755,11755,11340,11450,36298,308620,308620,KODEX 미국채10년선물,D
20230601,11415,11415,11355,11380,96706,308620,308620,KODEX 미국채10년선물,D
20230602,11405,11405,11290,11300,41537,308620,308620,KODEX 미국채10년선물,D
20230605,11250,11285,11225,11240,36952,308620,308620,KODEX 미국채10년선물,D
20230607,11205,11255,11185,11250,25615,308620,308620,KODEX 미국채10년선물,D
20230608,11185,11220,11155,11155,13745,308620,308620,KODEX 미국채10년선물,D
20230609,11190,11190,11115,11115,31954,308620,308620,KODEX 미국채10년선물,D
20230612,11105,11130,11075,11075,42688,308620,308620,KODEX 미국채10년선물,D
20230613,11065,11080,10950,10950,28433,308620,308620,KODEX 미국채10년선물,D
20230614,10885,10995,10880,10980,39527,308620,308620,KODEX 미국채10년선물,D
20230615,10950,11025,10935,10980,28303,308620,308620,KODEX 미국채10년선물,D
20230616,10985,11000,10945,10950,34152,308620,308620,KODEX 미국채10년선물,D
20230619,11000,11065,11000,11035,24622,308620,308620,KODEX 미국채10년선물,D
20230620,11030,11030,10960,10985,22237,308620,308620,KODEX 미국채10년선물,D
20230621,11100,11135,11065,11120,36415,308620,308620,KODEX 미국채10년선물,D
20230622,11085,11125,11070,11120,38250,308620,308620,KODEX 미국채10년선물,D
20230623,11095,11180,11095,11170,18661,308620,308620,KODEX 미국채10년선물,D
20230626,11195,11245,11160,11210,20865,308620,308620,KODEX 미국채10년선물,D
20230627,11210,11215,11120,11135,14127,308620,308620,KODEX 미국채10년선물,D
20230628,11130,11190,11115,11190,20565,308620,308620,KODEX 미국채10년선물,D
20230629,11225,11280,11190,11280,14563,308620,308620,KODEX 미국채10년선물,D
20230630,11280,11280,11165,11165,15506,308620,308620,KODEX 미국채10년선물,D
20230703,11135,11160,11055,11100,45242,308620,308620,KODEX 미국채10년선물,D
20230704,11100,11100,11020,11050,18382,308620,308620,KODEX 미국채10년선물,D
20230705,11060,11100,11030,11035,12630,308620,308620,KODEX 미국채10년선물,D
20230706,11045,11050,10985,11000,18771,308620,308620,KODEX 미국채10년선물,D
20230707,11160,11160,10945,10965,29914,308620,308620,KODEX 미국채10년선물,D
20230710,10895,10955,10895,10950,25144,308620,308620,KODEX 미국채10년선물,D
20230711,10960,10960,10870,10920,27337,308620,308620,KODEX 미국채10년선물,D
20230712,10925,10955,10890,10915,16545,308620,308620,KODEX 미국채10년선물,D
20230713,10890,10920,10865,10885,31917,308620,308620,KODEX 미국채10년선물,D
20230714,10895,10935,10850,10885,25517,308620,308620,KODEX 미국채10년선물,D
20230717,10955,10955,10860,10880,19311,308620,308620,KODEX 미국채10년선물,D
20230718,10880,10885,10815,10845,26600,308620,308620,KODEX 미국채10년선물,D
20230719,10965,10965,10855,10935,18750,308620,308620,KODEX 미국채10년선물,D
20230720,10965,10965,10870,10935,28961,308620,308620,KODEX 미국채10년선물,D
20230721,10920,10995,10920,10995,22886,308620,308620,KODEX 미국채10년선물,D
20230724,11080,11080,10920,10930,24914,308620,308620,KODEX 미국채10년선물,D
20230725,10915,10955,10855,10855,68215,308620,308620,KODEX 미국채10년선물,D
20230726,10910,10915,10845,10860,41645,308620,308620,KODEX 미국채10년선물,D
20230727,10870,10925,10820,10925,19951,308620,308620,KODEX 미국채10년선물,D
20230728,10935,10935,10785,10805,54189,308620,308620,KODEX 미국채10년선물,D
20230731,10805,10835,10760,10795,30676,308620,308620,KODEX 미국채10년선물,D
20230801,10865,10900,10830,10900,25543,308620,308620,KODEX 미국채10년선물,D
20230802,10945,10960,10890,10960,31737,308620,308620,KODEX 미국채10년선물,D
20230803,10950,10950,10875,10890,21301,308620,308620,KODEX 미국채10년선물,D
20230804,10800,10955,10800,10955,41761,308620,308620,KODEX 미국채10년선물,D
20230807,10925,11000,10920,10975,30663,308620,308620,KODEX 미국채10년선물,D
20230808,10955,11120,10955,11120,33535,308620,308620,KODEX 미국채10년선물,D
20230809,11150,11150,11080,11080,20705,308620,308620,KODEX 미국채10년선물,D
20230810,11080,11100,11060,11060,36970,308620,308620,KODEX 미국채10년선물,D
20230811,11060,11085,11020,11085,21554,308620,308620,KODEX 미국채10년선물,D
20230814,12120,12125,11025,11070,43156,308620,308620,KODEX 미국채10년선물,D
20230816,11070,11100,11065,11085,33256,308620,308620,KODEX 미국채10년선물,D
20230817,11085,11085,11010,11010,82337,308620,308620,KODEX 미국채10년선물,D
20230818,11040,11040,10970,11035,24364,308620,308620,KODEX 미국채10년선물,D
20230821,11035,11065,11025,11050,27026,308620,308620,KODEX 미국채10년선물,D
20230822,10985,10995,10940,10950,24247,308620,308620,KODEX 미국채10년선물,D
20230823,10995,11000,10970,11000,14708,308620,308620,KODEX 미국채10년선물,D
20230824,11040,11045,10895,10930,27756,308620,308620,KODEX 미국채10년선물,D
20230825,10930,10990,10915,10940,14055,308620,308620,KODEX 미국채10년선물,D
20230828,10935,10940,10880,10930,24696,308620,308620,KODEX 미국채10년선물,D
20230829,11000,11000,10930,10990,31170,308620,308620,KODEX 미국채10년선물,D
20230830,10970,11005,10965,11005,23997,308620,308620,KODEX 미국채10년선물,D
20230831,11005,11035,10985,11025,15481,308620,308620,KODEX 미국채10년선물,D
20230901,11025,11030,10965,10995,39838,308620,308620,KODEX 미국채10년선물,D
20230904,10995,10995,10930,10965,21732,308620,308620,KODEX 미국채10년선물,D
20230905,10990,11040,10950,11040,23284,308620,308620,KODEX 미국채10년선물,D
20230906,11025,11035,10975,10995,21590,308620,308620,KODEX 미국채10년선물,D
20230907,10995,11005,10960,10995,9223,308620,308620,KODEX 미국채10년선물,D
20230908,11020,11025,11000,11020,9590,308620,308620,KODEX 미국채10년선물,D
20230911,10930,11055,10930,10960,22120,308620,308620,KODEX 미국채10년선물,D
20230912,10950,10950,10905,10940,19313,308620,308620,KODEX 미국채10년선물,D
20230913,10940,10960,10920,10960,14484,308620,308620,KODEX 미국채10년선물,D
20230914,10960,10990,10940,10965,14651,308620,308620,KODEX 미국채10년선물,D
20230915,10990,10990,10935,10940,22517,308620,308620,KODEX 미국채10년선물,D
20230918,10985,10985,10860,10885,16945,308620,308620,KODEX 미국채10년선물,D
20230919,10915,10920,10875,10920,10808,308620,308620,KODEX 미국채10년선물,D
20230920,10900,10920,10875,10920,18606,308620,308620,KODEX 미국채10년선물,D
20230921,10905,10940,10885,10930,28689,308620,308620,KODEX 미국채10년선물,D
20230922,10895,10895,10830,10850,17659,308620,308620,KODEX 미국채10년선물,D
20230925,10850,10885,10835,10880,18492,308620,308620,KODEX 미국채10년선물,D
20230926,10875,10945,10845,10940,19246,308620,308620,KODEX 미국채10년선물,D
20230927,10940,10975,10910,10935,24964,308620,308620,KODEX 미국채10년선물,D
20231004,10935,10935,10805,10830,45105,308620,308620,KODEX 미국채10년선물,D
20231005,10800,10840,10755,10785,28718,308620,308620,KODEX 미국채10년선물,D
20231006,10800,10830,10785,10810,18521,308620,308620,KODEX 미국채10년선물,D
20231010,10810,10895,10810,10880,19831,308620,308620,KODEX 미국채10년선물,D
20231011,10865,10865,10780,10780,50915,308620,308620,KODEX 미국채10년선물,D
20231012,10900,10900,10840,10865,34324,308620,308620,KODEX 미국채10년선물,D
20231013,10825,10895,10825,10880,16489,308620,308620,KODEX 미국채10년선물,D
20231016,10885,10905,10860,10890,22380,308620,308620,KODEX 미국채10년선물,D
20231017,10850,10850,10800,10825,10820,308620,308620,KODEX 미국채10년선물,D
20231018,10785,10785,10705,10725,22673,308620,308620,KODEX 미국채10년선물,D
20231019,10685,10735,10685,10710,17268,308620,308620,KODEX 미국채10년선물,D
20231020,10700,10715,10660,10685,45970,308620,308620,KODEX 미국채10년선물,D
20231023,10720,10720,10680,10700,12020,308620,308620,KODEX 미국채10년선물,D
20231024,10715,10715,10665,10690,20945,308620,308620,KODEX 미국채10년선물,D
20231025,10795,10795,10710,10765,30168,308620,308620,KODEX 미국채10년선물,D
20231026,10675,10750,10675,10745,23076,308620,308620,KODEX 미국채10년선물,D
20231027,10745,10755,10695,10735,33383,308620,308620,KODEX 미국채10년선물,D
20231030,10755,10765,10720,10720,14855,308620,308620,KODEX 미국채10년선물,D
20231031,10745,10765,10680,10725,25151,308620,308620,KODEX 미국채10년선물,D
20231101,10725,10775,10705,10775,47236,308620,308620,KODEX 미국채10년선물,D
20231102,10780,10805,10740,10755,26336,308620,308620,KODEX 미국채10년선물,D
20231103,10755,10810,10625,10665,29312,308620,308620,KODEX 미국채10년선물,D
20231106,10670,10705,10580,10585,48665,308620,308620,KODEX 미국채10년선물,D
20231107,10615,10705,10615,10690,67840,308620,308620,KODEX 미국채10년선물,D
20231108,10665,10705,10610,10695,17743,308620,308620,KODEX 미국채10년선물,D
20231109,10750,10760,10690,10740,26267,308620,308620,KODEX 미국채10년선물,D
20231110,10735,10735,10690,10725,13932,308620,308620,KODEX 미국채10년선물,D
20231113,10735,10755,10695,10755,17624,308620,308620,KODEX 미국채10년선물,D
20231114,10755,10805,10705,10805,15790,308620,308620,KODEX 미국채10년선물,D
20231115,10805,10805,10685,10710,34519,308620,308620,KODEX 미국채10년선물,D
20231116,10720,10745,10635,10660,30973,308620,308620,KODEX 미국채10년선물,D
20231117,10685,10690,10630,10675,19582,308620,308620,KODEX 미국채10년선물,D
20231120,10660,10690,10585,10625,22690,308620,308620,KODEX 미국채10년선물,D
20231121,10625,10655,10590,10635,25620,308620,308620,KODEX 미국채10년선물,D
20231122,10660,10725,10655,10725,30192,308620,308620,KODEX 미국채10년선물,D
20231123,10775,10775,10690,10705,17125,308620,308620,KODEX 미국채10년선물,D
20231124,10705,10730,10665,10730,13852,308620,308620,KODEX 미국채10년선물,D
20231127,10730,10730,10660,10705,41660,308620,308620,KODEX 미국채10년선물,D
20231128,10705,10735,10645,10675,42837,308620,308620,KODEX 미국채10년선물,D
20231129,10740,10750,10675,10745,84604,308620,308620,KODEX 미국채10년선물,D
20231130,10745,10775,10715,10735,46592,308620,308620,KODEX 미국채10년선물,D
20231201,10840,10860,10780,10840,93472,308620,308620,KODEX 미국채10년선물,D
20231204,10840,10890,10805,10885,23321,308620,308620,KODEX 미국채10년선물,D
20231205,10900,10950,10900,10945,51531,308620,308620,KODEX 미국채10년선물,D
20231206,10955,11000,10955,10965,31086,308620,308620,KODEX 미국채10년선물,D
20231207,10975,11110,10975,11090,52961,308620,308620,KODEX 미국채10년선물,D
20231208,11100,11100,10925,10945,50694,308620,308620,KODEX 미국채10년선물,D
20231211,10945,10990,10945,10955,25455,308620,308620,KODEX 미국채10년선물,D
20231212,10950,10975,10945,10970,23474,308620,308620,KODEX 미국채10년선물,D
20231213,10975,11020,10945,11010,21012,308620,308620,KODEX 미국채10년선물,D
20231214,11010,11025,10935,11000,39393,308620,308620,KODEX 미국채10년선물,D
20231215,11000,11015,10970,11015,48977,308620,308620,KODEX 미국채10년선물,D
20231218,11100,11100,11015,11025,60516,308620,308620,KODEX 미국채10년선물,D
20231219,11045,11110,11040,11100,19991,308620,308620,KODEX 미국채10년선물,D
20231220,11145,11145,11025,11050,26420,308620,308620,KODEX 미국채10년선물,D
20231221,11050,11125,11050,11120,17015,308620,308620,KODEX 미국채10년선물,D
20231222,11150,11150,11045,11090,48145,308620,308620,KODEX 미국채10년선물,D
